customer_id,email,phone,age,employment_type,monthly_income,account_age_months,credit_score,loan_amount,monthly_installment,previous_late_payments,avg_payment_delay_days,previous_defaults,days_past_due,current_outstanding,payment_frequency,payment_reliability_score,engagement_score,previous_reminder_response,amount_due,upcoming_installment_offset_days,risk_indicator_raw,risk_category,risk_category_pred,risk_score
CUSTOMER_0001,customer0001@example.com,+91-9000700000,35,Salaried,38957,26,599,92582,3348,3,7,0,0,66919,Weekly,63,62.0,Responded,3683,-9,0.1437,LOW,AT-RISK,26.0
CUSTOMER_0002,customer0002@example.com,+91-9000800001,32,Freelancer,64358,24,647,195292,19096,4,6,1,30,8258,Monthly,70,97.0,No Response,17291,6,0.1777,LOW,LOW,30.2
CUSTOMER_0003,customer0003@example.com,+91-9000300002,35,Self-Employed,21546,51,601,157444,4872,3,11,1,0,105875,Monthly,72,76.0,Responded,5212,4,0.199,AT-RISK,AT-RISK,34.6
CUSTOMER_0004,customer0004@example.com,+91-9000600003,31,Salaried,56813,24,749,239664,20969,3,10,0,10,59818,Monthly,87,72.0,Responded,22778,19,0.1055,LOW,LOW,6.3
CUSTOMER_0005,customer0005@example.com,+91-9000100004,21,Self-Employed,19446,19,619,128948,4310,8,6,1,15,13695,Monthly,55,61.0,No Response,4393,-12,0.2183,AT-RISK,HIGH,55.8
CUSTOMER_0006,customer0006@example.com,+91-9000500005,44,Salaried,46028,30,720,266400,13516,1,0,0,0,54444,Monthly,91,76.0,Responded,12712,4,0.084,LOW,LOW,0.5
CUSTOMER_0007,customer0007@example.com,+91-9000700006,43,Business Owner,51470,16,588,206044,13001,7,3,0,5,63779,Weekly,64,39.0,Responded,13705,19,0.2719,HIGH,HIGH,55.4
CUSTOMER_0008,customer0008@example.com,+91-9000600007,52,Salaried,29567,29,740,237409,22090,2,2,0,23,85051,Monthly,91,75.0,Responded,24837,17,0.1407,LOW,LOW,13.6
CUSTOMER_0009,customer0009@example.com,+91-9000600008,55,Salaried,60632,61,702,155925,14138,2,6,0,0,70492,Bi-Weekly,87,56.0,Responded,16015,5,0.1114,LOW,LOW,3.5
CUSTOMER_0010,customer0010@example.com,+91-9000700009,24,Salaried,17890,30,694,101591,3928,5,0,1,11,60230,Monthly,68,67.0,Responded,4267,29,0.2468,AT-RISK,AT-RISK,29.6
CUSTOMER_0011,customer0011@example.com,+91-9000600010,31,Salaried,58372,28,526,160358,7122,3,3,1,111,40722,Monthly,59,64.0,Responded,6879,-2,0.4578,CRITICAL,CRITICAL,76.9
CUSTOMER_0012,customer0012@example.com,+91-9000400011,57,Freelancer,37661,18,752,43096,4460,3,6,1,9,9680,Bi-Weekly,85,74.0,Responded,4984,15,0.1239,LOW,LOW,4.4
CUSTOMER_0013,customer0013@example.com,+91-9000600012,34,Salaried,26604,49,667,155473,16573,1,8,0,8,41274,Monthly,63,68.0,No Response,18598,6,0.0587,LOW,LOW,11.3
CUSTOMER_0014,customer0014@example.com,+91-9000900013,37,Business Owner,20221,54,716,168900,20674,1,8,0,51,47892,Monthly,75,72.0,No Response,20504,14,0.2333,AT-RISK,AT-RISK,34.5
CUSTOMER_0015,customer0015@example.com,+91-9000200014,21,Business Owner,39415,41,731,143724,5076,3,6,0,3,89749,Monthly,84,87.0,Responded,4800,13,0.1396,LOW,LOW,4.0
CUSTOMER_0016,customer0016@example.com,+91-9000400015,36,Salaried,12000,35,676,273325,9991,7,11,3,0,164713,Monthly,56,66.0,No Response,11176,20,0.3609,CRITICAL,CRITICAL,71.5
CUSTOMER_0017,customer0017@example.com,+91-9000600016,52,Salaried,40084,25,720,129876,16751,4,4,0,0,79084,Monthly,91,73.0,No Response,18782,26,0.0534,LOW,LOW,5.2
CUSTOMER_0018,customer0018@example.com,+91-9000800017,46,Salaried,66263,32,627,20000,1000,1,3,0,2,10590,Monthly,79,76.0,Responded,925,13,0.1548,LOW,LOW,11.7
CUSTOMER_0019,customer0019@example.com,+91-9000100018,29,Self-Employed,45361,16,664,413885,48462,2,21,0,0,122890,Monthly,84,75.0,No Response,55331,-9,0.1316,LOW,LOW,17.4
CUSTOMER_0020,customer0020@example.com,+91-9000300019,31,Salaried,26072,12,650,97179,2934,2,4,0,9,27619,Monthly,87,47.0,No Response,3031,16,0.1532,LOW,LOW,11.3
CUSTOMER_0021,customer0021@example.com,+91-9000600020,24,Salaried,52078,7,664,229258,6902,3,1,0,6,83672,Monthly,75,66.0,Responded,7926,-3,0.0878,LOW,LOW,7.1
CUSTOMER_0022,customer0022@example.com,+91-9000000021,27,Salaried,46716,31,642,41673,1546,9,2,1,0,14710,Weekly,63,57.0,Responded,1563,-3,0.2243,AT-RISK,AT-RISK,40.5
CUSTOMER_0023,customer0023@example.com,+91-9000100022,21,Self-Employed,88062,8,695,166138,4917,3,5,1,15,93027,Bi-Weekly,88,75.0,Responded,5080,-2,0.1735,LOW,LOW,12.2
CUSTOMER_0024,customer0024@example.com,+91-9000800023,34,Salaried,61337,20,670,95830,3158,2,17,5,1,34725,Monthly,65,68.0,Responded,3052,-10,0.2554,AT-RISK,AT-RISK,28.7
CUSTOMER_0025,customer0025@example.com,+91-9000900024,48,Salaried,55448,27,745,20000,1000,2,0,0,49,4472,Bi-Weekly,72,50.0,No Response,1124,0,0.1638,LOW,LOW,35.1
CUSTOMER_0026,customer0026@example.com,+91-9000600025,38,Salaried,68024,42,692,125233,5423,1,0,1,21,64668,Bi-Weekly,85,56.0,No Response,5482,25,0.2075,AT-RISK,AT-RISK,25.0
CUSTOMER_0027,customer0027@example.com,+91-9000900026,47,Salaried,42472,18,722,161576,10642,3,16,2,41,107548,Monthly,72,53.0,Responded,11745,5,0.2979,HIGH,HIGH,57.8
CUSTOMER_0028,customer0028@example.com,+91-9000600027,44,Business Owner,47950,43,729,131647,10503,2,12,2,11,39763,Bi-Weekly,88,74.0,No Response,9662,28,0.2477,AT-RISK,AT-RISK,22.9
CUSTOMER_0029,customer0029@example.com,+91-9000500028,30,Salaried,82971,41,702,163887,10362,3,1,0,0,73936,Monthly,68,87.0,Responded,11367,0,0.1557,LOW,LOW,5.9
CUSTOMER_0030,customer0030@example.com,+91-9000200029,28,Business Owner,16321,12,664,135514,5452,2,2,1,5,10818,Monthly,74,50.0,No Response,5575,-11,0.078,LOW,LOW,7.9
CUSTOMER_0031,customer0031@example.com,+91-9000900030,28,Self-Employed,70557,44,687,147161,13163,0,4,0,0,51899,Monthly,75,68.0,No Response,11864,8,0.065,LOW,LOW,2.3
CUSTOMER_0032,customer0032@example.com,+91-9000200031,21,Self-Employed,45789,23,681,166919,12131,2,2,0,0,11493,Monthly,83,70.0,No Response,11604,27,0.0753,LOW,LOW,2.0
CUSTOMER_0033,customer0033@example.com,+91-9000100032,35,Self-Employed,39850,20,567,161941,8080,8,15,1,11,10319,Monthly,80,54.0,Responded,7663,-15,0.2562,AT-RISK,AT-RISK,46.6
CUSTOMER_0034,customer0034@example.com,+91-9000500033,21,Salaried,41885,25,807,119625,9207,1,0,0,0,43104,Monthly,95,83.0,Responded,10016,-6,0.0775,LOW,LOW,0.4
CUSTOMER_0035,customer0035@example.com,+91-9000300034,40,Salaried,54744,28,634,77142,3260,1,0,3,16,16319,Monthly,81,85.0,Responded,3322,27,0.2346,AT-RISK,AT-RISK,30.5
CUSTOMER_0036,customer0036@example.com,+91-9000400035,35,Self-Employed,46989,21,682,200016,5936,2,1,1,25,106637,Monthly,70,61.0,Responded,5579,19,0.2745,HIGH,HIGH,45.4
CUSTOMER_0037,customer0037@example.com,+91-9000200036,39,Salaried,37660,15,603,141381,4970,2,2,2,4,97625,Bi-Weekly,66,69.0,Responded,4792,15,0.1966,AT-RISK,AT-RISK,36.0
CUSTOMER_0038,customer0038@example.com,+91-9000500037,44,Self-Employed,25657,14,488,165124,6352,5,1,1,19,30368,Monthly,39,45.0,No Response,6517,-1,0.297,HIGH,HIGH,68.0
CUSTOMER_0039,customer0039@example.com,+91-9000200038,36,Salaried,12021,30,698,180288,7677,3,0,1,0,85661,Monthly,82,62.0,No Response,6946,-5,0.1368,LOW,LOW,7.6
CUSTOMER_0040,customer0040@example.com,+91-9000700039,49,Freelancer,36742,26,802,153618,7443,1,5,0,7,51177,Monthly,80,69.0,No Response,7487,-7,0.0673,LOW,LOW,2.8
CUSTOMER_0041,customer0041@example.com,+91-9000800040,40,Self-Employed,40956,36,693,90929,7840,4,0,0,2,9100,Monthly,75,83.0,Responded,8385,-14,0.1451,LOW,LOW,3.9
CUSTOMER_0042,customer0042@example.com,+91-9000300041,28,Salaried,53239,29,745,235410,7168,3,11,0,0,102649,Monthly,85,92.0,Responded,7379,28,0.1947,AT-RISK,LOW,16.2
CUSTOMER_0043,customer0043@example.com,+91-9000800042,32,Salaried,71507,26,614,74872,5564,5,4,3,11,41697,Monthly,60,74.0,No Response,5839,14,0.3208,HIGH,HIGH,59.3
CUSTOMER_0044,customer0044@example.com,+91-9000600043,21,Business Owner,40171,38,674,64241,7350,3,3,0,0,20174,Monthly,100,74.0,No Response,7215,0,0.1233,LOW,LOW,1.3
CUSTOMER_0045,customer0045@example.com,+91-9000200044,26,Business Owner,28650,47,668,202066,7089,2,1,0,29,129457,Monthly,75,64.0,Responded,6704,-15,0.1939,AT-RISK,AT-RISK,31.7
CUSTOMER_0046,customer0046@example.com,+91-9000600045,31,Salaried,33127,47,712,299782,26603,2,1,0,0,121067,Monthly,57,68.0,Responded,29328,-10,0.1528,LOW,LOW,15.6
CUSTOMER_0047,customer0047@example.com,+91-9000000046,39,Business Owner,53920,47,676,101345,5906,2,3,0,0,63890,Monthly,90,70.0,No Response,6652,-5,0.1358,LOW,LOW,2.2
CUSTOMER_0048,customer0048@example.com,+91-9000200047,28,Salaried,54805,38,674,202416,29556,6,6,1,31,85110,Bi-Weekly,75,78.0,Responded,30374,17,0.2603,AT-RISK,AT-RISK,43.5
CUSTOMER_0049,customer0049@example.com,+91-9000500048,23,Salaried,53814,52,595,72015,7121,6,13,0,43,10042,Monthly,70,59.0,Responded,6951,1,0.2964,HIGH,HIGH,62.9
CUSTOMER_0050,customer0050@example.com,+91-9000300049,21,Business Owner,69697,35,741,73022,6522,2,4,0,5,21917,Bi-Weekly,100,80.0,Responded,6703,18,0.0706,LOW,LOW,0.9
CUSTOMER_0051,customer0051@example.com,+91-9000600050,29,Business Owner,62347,31,643,259271,33970,4,8,1,8,45511,Monthly,81,72.0,Responded,38037,24,0.1775,LOW,LOW,23.2
CUSTOMER_0052,customer0052@example.com,+91-9000200051,52,Self-Employed,40353,57,659,193548,7531,7,4,0,12,91065,Monthly,62,67.0,Responded,8079,9,0.2669,HIGH,HIGH,49.3
CUSTOMER_0053,customer0053@example.com,+91-9000000052,37,Business Owner,88961,1,661,237505,7634,0,11,0,4,114860,Monthly,91,76.0,Responded,8509,6,0.1034,LOW,LOW,4.7
CUSTOMER_0054,customer0054@example.com,+91-9000800053,43,Salaried,43318,25,708,221818,12896,1,4,0,0,71080,Monthly,80,79.0,No Response,12665,10,0.1025,LOW,LOW,1.2
CUSTOMER_0055,customer0055@example.com,+91-9000500054,26,Business Owner,44162,42,617,20000,1000,2,41,3,14,2455,Monthly,69,57.0,No Response,1077,11,0.3119,HIGH,AT-RISK,46.1
CUSTOMER_0056,customer0056@example.com,+91-9000700055,21,Salaried,79402,43,748,54923,4429,0,5,0,0,16469,Monthly,90,68.0,No Response,4709,22,0.0349,LOW,LOW,1.3
CUSTOMER_0057,customer0057@example.com,+91-9000200056,24,Salaried,61415,64,724,165307,10487,4,0,2,0,14299,Monthly,74,96.0,Responded,10936,-7,0.1276,LOW,LOW,14.3
CUSTOMER_0058,customer0058@example.com,+91-9000700057,34,Salaried,12000,28,624,24694,2346,6,2,1,36,13065,Monthly,80,55.0,Responded,2421,21,0.2672,HIGH,HIGH,58.4
CUSTOMER_0059,customer0059@example.com,+91-9000100058,21,Salaried,47553,21,697,73605,2990,2,5,2,0,42092,Monthly,72,89.0,No Response,3102,-11,0.1805,LOW,LOW,10.9
CUSTOMER_0060,customer0060@example.com,+91-9000300059,25,Salaried,57569,21,615,297933,16021,3,11,0,49,235416,Monthly,78,64.0,No Response,17822,2,0.325,HIGH,HIGH,62.1
CUSTOMER_0061,customer0061@example.com,+91-9000200060,29,Salaried,23755,33,674,102334,4194,6,3,0,0,12513,Weekly,79,70.0,Responded,4735,6,0.0961,LOW,LOW,19.4
CUSTOMER_0062,customer0062@example.com,+91-9000900061,23,Salaried,57189,47,609,229385,7950,4,12,1,3,101497,Monthly,58,69.0,Responded,7379,-4,0.2553,AT-RISK,AT-RISK,44.9
CUSTOMER_0063,customer0063@example.com,+91-9000000062,21,Salaried,53327,49,626,158575,7088,4,2,0,10,69720,Monthly,67,76.0,Responded,7387,28,0.1644,LOW,AT-RISK,30.5
CUSTOMER_0064,customer0064@example.com,+91-9000600063,37,Self-Employed,67172,26,618,107568,4332,7,1,1,17,75336,Monthly,82,86.0,Responded,4893,6,0.2826,HIGH,HIGH,52.4
CUSTOMER_0065,customer0065@example.com,+91-9000900064,35,Salaried,37518,32,720,23214,1000,3,0,0,0,9199,Bi-Weekly,74,62.0,Responded,933,-10,0.1197,LOW,LOW,7.0
CUSTOMER_0066,customer0066@example.com,+91-9000100065,42,Salaried,63775,18,671,181889,12148,2,6,0,28,26507,Weekly,78,64.0,No Response,12187,20,0.1831,AT-RISK,AT-RISK,28.7
CUSTOMER_0067,customer0067@example.com,+91-9000300066,25,Self-Employed,52075,20,674,258680,15420,1,6,0,0,82093,Bi-Weekly,94,89.0,Responded,14221,11,0.1499,LOW,LOW,2.7
CUSTOMER_0068,customer0068@example.com,+91-9000800067,41,Business Owner,56242,34,483,143315,5205,5,5,1,83,100925,Monthly,37,49.0,No Response,4832,-1,0.4931,CRITICAL,CRITICAL,94.4
CUSTOMER_0069,customer0069@example.com,+91-9000500068,48,Business Owner,108631,51,732,145041,5959,1,3,0,0,64784,Monthly,82,83.0,No Response,6709,1,0.0644,LOW,LOW,2.4
CUSTOMER_0070,customer0070@example.com,+91-9000700069,37,Salaried,83268,18,705,33507,2950,0,0,2,8,18060,Monthly,86,95.0,Responded,2984,-13,0.1153,LOW,LOW,6.9
CUSTOMER_0071,customer0071@example.com,+91-9000100070,29,Self-Employed,52882,29,620,111402,6445,2,0,2,5,19737,Monthly,58,61.0,No Response,6910,-6,0.1855,AT-RISK,AT-RISK,35.9
CUSTOMER_0072,customer0072@example.com,+91-9000600071,36,Salaried,104237,26,797,151823,7577,2,3,0,0,81371,Bi-Weekly,100,54.0,No Response,7082,9,0.0611,LOW,LOW,2.0
CUSTOMER_0073,customer0073@example.com,+91-9000500072,29,Salaried,62835,40,724,196467,10573,4,2,1,4,14017,Monthly,89,71.0,Responded,9573,5,0.1551,LOW,LOW,9.3
CUSTOMER_0074,customer0074@example.com,+91-9000800073,27,Salaried,30445,22,699,197119,17369,2,6,0,0,136790,Monthly,66,94.0,Responded,19498,24,0.1036,LOW,LOW,12.3
CUSTOMER_0075,customer0075@example.com,+91-9000600074,41,Business Owner,47392,1,729,20000,1000,8,10,0,23,12066,Monthly,71,74.0,Responded,1043,-7,0.2852,HIGH,HIGH,46.1
CUSTOMER_0076,customer0076@example.com,+91-9000000075,33,Salaried,69295,44,769,102928,3565,1,5,0,0,40768,Bi-Weekly,91,71.0,No Response,3226,8,0.0613,LOW,LOW,1.1
CUSTOMER_0077,customer0077@example.com,+91-9000700076,45,Salaried,56359,21,538,90686,4436,2,1,2,2,56396,Monthly,52,75.0,Responded,5092,16,0.2564,AT-RISK,AT-RISK,41.0
CUSTOMER_0078,customer0078@example.com,+91-9000900077,31,Salaried,22055,22,583,155974,5907,5,6,1,35,17070,Monthly,45,65.0,Responded,6043,-13,0.2649,HIGH,HIGH,64.5
CUSTOMER_0079,customer0079@example.com,+91-9000200078,31,Business Owner,26910,33,659,145574,4422,3,7,2,0,9710,Monthly,79,72.0,Responded,4505,17,0.1425,LOW,LOW,13.5
CUSTOMER_0080,customer0080@example.com,+91-9000100079,29,Self-Employed,44700,34,798,212642,21084,0,5,1,0,19803,Monthly,94,85.0,Responded,22248,27,0.0924,LOW,LOW,1.9
CUSTOMER_0081,customer0081@example.com,+91-9000200080,24,Salaried,65198,36,776,150396,11131,0,4,0,0,11824,Monthly,99,70.0,Responded,10039,29,0.0082,LOW,LOW,1.6
CUSTOMER_0082,customer0082@example.com,+91-9000500081,42,Self-Employed,63414,5,691,248015,11131,3,1,0,10,92523,Monthly,82,70.0,No Response,11601,-4,0.1161,LOW,LOW,8.8
CUSTOMER_0083,customer0083@example.com,+91-9000200082,54,Salaried,48619,34,675,104866,3498,5,1,2,0,20257,Monthly,69,66.0,No Response,3698,13,0.2394,AT-RISK,AT-RISK,34.0
CUSTOMER_0084,customer0084@example.com,+91-9000900083,31,Self-Employed,33543,1,718,42047,5932,0,4,3,2,23596,Weekly,83,88.0,Responded,5779,5,0.125,LOW,LOW,7.6
CUSTOMER_0085,customer0085@example.com,+91-9000400084,28,Salaried,88190,40,678,237787,6694,0,4,0,2,68883,Weekly,95,72.0,No Response,7240,23,0.0733,LOW,LOW,1.8
CUSTOMER_0086,customer0086@example.com,+91-9000500085,28,Business Owner,26316,42,686,195962,9974,2,2,0,24,103938,Monthly,62,66.0,No Response,9917,18,0.1664,LOW,LOW,22.0
CUSTOMER_0087,customer0087@example.com,+91-9000700086,28,Salaried,74476,8,682,94060,5606,1,0,0,22,42877,Bi-Weekly,73,90.0,Responded,6051,17,0.1577,LOW,LOW,10.2
CUSTOMER_0088,customer0088@example.com,+91-9000600087,49,Self-Employed,58613,31,694,200288,13549,2,9,0,20,54691,Monthly,67,95.0,Responded,12681,16,0.1726,LOW,LOW,14.9
CUSTOMER_0089,customer0089@example.com,+91-9000700088,28,Salaried,66378,40,622,240434,21408,6,2,4,15,54472,Weekly,64,52.0,Responded,24157,4,0.3692,CRITICAL,CRITICAL,79.3
CUSTOMER_0090,customer0090@example.com,+91-9000200089,29,Salaried,41059,21,760,154580,5196,6,0,1,0,38430,Bi-Weekly,81,76.0,No Response,5818,-13,0.1304,LOW,LOW,13.6
CUSTOMER_0091,customer0091@example.com,+91-9000300090,23,Salaried,45781,37,705,96163,2774,5,0,0,0,53432,Monthly,78,54.0,Responded,2601,-12,0.147,LOW,LOW,11.2
CUSTOMER_0092,customer0092@example.com,+91-9000500091,37,Salaried,51290,1,747,112936,6134,2,1,0,5,44745,Monthly,88,75.0,Responded,6959,1,0.0911,LOW,LOW,1.7
CUSTOMER_0093,customer0093@example.com,+91-9000600092,34,Salaried,38568,42,661,177376,5130,4,5,1,53,37069,Monthly,62,66.0,Responded,5332,1,0.2798,HIGH,HIGH,59.6
CUSTOMER_0094,customer0094@example.com,+91-9000800093,24,Business Owner,52799,28,701,166873,5433,2,2,1,10,95386,Bi-Weekly,65,86.0,Responded,5842,3,0.1411,LOW,LOW,11.1
CUSTOMER_0095,customer0095@example.com,+91-9000000094,26,Salaried,75121,23,595,258885,12670,4,0,0,0,20696,Monthly,66,53.0,No Response,14064,-12,0.145,LOW,LOW,26.2
CUSTOMER_0096,customer0096@example.com,+91-9000700095,48,Self-Employed,19938,38,588,154561,5894,2,0,0,11,94151,Monthly,67,42.0,No Response,5427,13,0.1562,LOW,LOW,28.3
CUSTOMER_0097,customer0097@example.com,+91-9000700096,35,Business Owner,32725,49,581,86858,4559,9,2,0,12,31978,Monthly,62,82.0,No Response,4296,1,0.3004,HIGH,HIGH,55.5
CUSTOMER_0098,customer0098@example.com,+91-9000500097,35,Self-Employed,35365,35,684,324477,14255,4,4,1,3,153045,Weekly,84,69.0,Responded,13864,6,0.223,AT-RISK,AT-RISK,28.6
CUSTOMER_0099,customer0099@example.com,+91-9000300098,35,Self-Employed,46069,49,650,167403,21624,3,0,3,10,109646,Weekly,77,73.0,Responded,22041,-14,0.2313,AT-RISK,AT-RISK,26.2
CUSTOMER_0100,customer0100@example.com,+91-9000200099,47,Self-Employed,46395,6,720,211647,7871,3,4,1,3,109329,Monthly,82,76.0,Responded,7764,26,0.1555,LOW,LOW,7.6
CUSTOMER_0101,customer0101@example.com,+91-9000200100,25,Salaried,63812,37,688,189818,25026,2,0,0,0,61331,Monthly,91,63.0,No Response,25688,-4,0.1076,LOW,LOW,1.6
CUSTOMER_0102,customer0102@example.com,+91-9000500101,31,Business Owner,42477,24,600,193948,6356,2,2,0,54,32274,Bi-Weekly,67,49.0,No Response,6015,29,0.2675,HIGH,HIGH,63.8
CUSTOMER_0103,customer0103@example.com,+91-9000700102,33,Salaried,58090,17,729,122742,3991,1,0,1,2,61480,Bi-Weekly,94,92.0,Responded,4272,-5,0.135,LOW,LOW,0.8
CUSTOMER_0104,customer0104@example.com,+91-9000600103,21,Self-Employed,56692,1,733,20000,1525,3,0,0,0,6670,Monthly,78,80.0,Responded,1393,24,0.087,LOW,LOW,4.7
CUSTOMER_0105,customer0105@example.com,+91-9000000104,26,Self-Employed,51612,35,669,73734,4693,4,7,0,1,6756,Monthly,86,68.0,No Response,4647,13,0.1327,LOW,LOW,9.4
CUSTOMER_0106,customer0106@example.com,+91-9000500105,44,Salaried,63545,40,714,171459,8388,1,3,0,18,83621,Monthly,81,72.0,Responded,7924,4,0.0768,LOW,LOW,10.3
CUSTOMER_0107,customer0107@example.com,+91-9000600106,41,Salaried,48267,47,701,20000,1000,2,7,0,11,4221,Monthly,68,80.0,Responded,1082,-11,0.091,LOW,LOW,9.2
CUSTOMER_0108,customer0108@example.com,+91-9000600107,43,Salaried,77424,43,705,164349,11240,3,0,1,3,12214,Monthly,93,72.0,Responded,12599,9,0.1514,LOW,LOW,3.1
CUSTOMER_0109,customer0109@example.com,+91-9000800108,29,Business Owner,96338,16,722,205430,8640,5,0,3,0,131637,Monthly,76,85.0,Responded,7946,18,0.2174,AT-RISK,AT-RISK,29.7
CUSTOMER_0110,customer0110@example.com,+91-9000900109,30,Freelancer,62482,45,691,213438,14292,4,1,1,0,74708,Monthly,83,72.0,Responded,15667,-4,0.112,LOW,LOW,11.1
CUSTOMER_0111,customer0111@example.com,+91-9000400110,21,Salaried,57873,49,732,173701,22662,0,4,0,0,32608,Monthly,81,86.0,Responded,25470,12,0.0786,LOW,LOW,1.3
CUSTOMER_0112,customer0112@example.com,+91-9000000111,43,Self-Employed,54372,22,564,253163,41667,8,3,2,14,148905,Monthly,83,70.0,No Response,47645,18,0.3285,HIGH,HIGH,67.6
CUSTOMER_0113,customer0113@example.com,+91-9000100112,44,Freelancer,27468,28,667,269015,29776,0,2,1,4,162126,Monthly,73,82.0,Responded,31111,-10,0.1255,LOW,LOW,14.2
CUSTOMER_0114,customer0114@example.com,+91-9000300113,44,Salaried,39906,12,458,303123,10183,3,4,1,25,16034,Bi-Weekly,46,66.0,No Response,9998,3,0.2258,AT-RISK,AT-RISK,51.9
CUSTOMER_0115,customer0115@example.com,+91-9000400114,49,Salaried,29122,44,556,198085,5685,5,0,3,24,119708,Weekly,47,57.0,No Response,5574,-4,0.3152,HIGH,HIGH,67.8
CUSTOMER_0116,customer0116@example.com,+91-9000800115,38,Self-Employed,51033,6,618,163718,8704,6,24,0,0,105850,Monthly,65,52.0,No Response,8658,9,0.2265,AT-RISK,AT-RISK,40.1
CUSTOMER_0117,customer0117@example.com,+91-9000000116,49,Business Owner,31636,33,634,176440,8252,2,6,0,0,34861,Bi-Weekly,66,59.0,No Response,8690,-3,0.1182,LOW,LOW,17.5
CUSTOMER_0118,customer0118@example.com,+91-9000200117,33,Business Owner,36015,18,678,153418,14744,4,14,1,6,66984,Monthly,48,66.0,No Response,15076,1,0.2595,AT-RISK,AT-RISK,34.9
CUSTOMER_0119,customer0119@example.com,+91-9000400118,21,Salaried,12000,11,595,272190,12080,6,9,3,0,31357,Bi-Weekly,62,58.0,Responded,12845,-4,0.2855,HIGH,HIGH,65.7
CUSTOMER_0120,customer0120@example.com,+91-9000200119,42,Salaried,24593,1,644,205773,19901,3,4,0,0,115594,Monthly,73,95.0,Responded,18106,-13,0.1416,LOW,LOW,14.1
CUSTOMER_0121,customer0121@example.com,+91-9000300120,21,Salaried,51946,23,685,132225,5433,4,0,0,11,85772,Monthly,68,66.0,No Response,5033,8,0.162,LOW,LOW,15.7
CUSTOMER_0122,customer0122@example.com,+91-9000200121,36,Salaried,26220,9,507,306105,9003,8,10,3,35,42457,Monthly,42,43.0,No Response,10300,-8,0.3724,CRITICAL,CRITICAL,92.1
CUSTOMER_0123,customer0123@example.com,+91-9000300122,43,Salaried,66400,28,611,135852,11444,2,1,0,15,82305,Monthly,75,72.0,No Response,13147,20,0.1473,LOW,LOW,21.4
CUSTOMER_0124,customer0124@example.com,+91-9000000123,37,Business Owner,31538,54,747,74704,2581,2,2,1,7,37010,Monthly,74,95.0,Responded,2804,10,0.1507,LOW,LOW,5.7
CUSTOMER_0125,customer0125@example.com,+91-9000700124,55,Salaried,50291,28,601,173864,25930,2,8,1,18,54943,Monthly,70,50.0,Responded,24999,29,0.2112,AT-RISK,AT-RISK,42.0
CUSTOMER_0126,customer0126@example.com,+91-9000300125,21,Business Owner,31356,53,637,96934,5614,7,11,0,17,52584,Monthly,65,55.0,Responded,6390,-8,0.276,HIGH,HIGH,56.1
CUSTOMER_0127,customer0127@example.com,+91-9000600126,34,Salaried,61515,14,723,194796,20895,0,3,0,0,6271,Bi-Weekly,98,79.0,No Response,19921,16,0.0694,LOW,LOW,1.0
CUSTOMER_0128,customer0128@example.com,+91-9000100127,35,Self-Employed,18231,9,680,90372,5452,0,6,0,57,60724,Monthly,75,61.0,Responded,5903,16,0.1665,LOW,LOW,37.4
CUSTOMER_0129,customer0129@example.com,+91-9000100128,22,Salaried,40705,13,678,138279,12339,1,0,1,0,52590,Monthly,82,58.0,Responded,11460,-15,0.092,LOW,LOW,4.0
CUSTOMER_0130,customer0130@example.com,+91-9000500129,24,Salaried,26925,24,584,267734,15566,8,4,2,2,148985,Monthly,68,37.0,No Response,16534,-13,0.3496,CRITICAL,CRITICAL,80.0
CUSTOMER_0131,customer0131@example.com,+91-9000100130,27,Salaried,66236,66,655,96443,5205,5,0,0,0,44726,Bi-Weekly,73,75.0,Responded,5672,-15,0.155,LOW,LOW,16.8
CUSTOMER_0132,customer0132@example.com,+91-9000500131,25,Freelancer,59052,4,702,176343,11742,0,6,1,27,67992,Monthly,73,83.0,No Response,13091,-1,0.1699,LOW,LOW,19.5
CUSTOMER_0133,customer0133@example.com,+91-9000100132,34,Business Owner,21303,33,671,90838,3534,8,27,0,85,65772,Monthly,66,50.0,No Response,3829,4,0.4808,CRITICAL,CRITICAL,80.2
CUSTOMER_0134,customer0134@example.com,+91-9000300133,29,Salaried,46516,18,704,160647,4786,2,1,1,7,64922,Monthly,73,75.0,Responded,5412,-13,0.1248,LOW,LOW,4.8
CUSTOMER_0135,customer0135@example.com,+91-9000600134,37,Salaried,36874,26,752,170011,9435,0,0,2,0,89644,Monthly,84,83.0,Responded,9720,-1,0.0969,LOW,LOW,5.9
CUSTOMER_0136,customer0136@example.com,+91-9000700135,40,Freelancer,61073,9,624,164663,13989,7,5,1,9,78392,Monthly,55,50.0,Responded,14959,21,0.247,AT-RISK,AT-RISK,48.0
CUSTOMER_0137,customer0137@example.com,+91-9000200136,40,Salaried,70251,39,669,161785,11456,4,12,0,43,25760,Monthly,82,78.0,No Response,11368,5,0.2028,AT-RISK,AT-RISK,36.8
CUSTOMER_0138,customer0138@example.com,+91-9000800137,31,Salaried,20036,26,690,190786,6033,2,4,2,10,125405,Monthly,67,72.0,Responded,5445,26,0.2089,AT-RISK,AT-RISK,27.9
CUSTOMER_0139,customer0139@example.com,+91-9000100138,37,Self-Employed,59325,41,645,143501,6198,6,0,2,43,78139,Monthly,63,70.0,Responded,6750,23,0.3516,CRITICAL,CRITICAL,79.2
CUSTOMER_0140,customer0140@example.com,+91-9000700139,44,Freelancer,28468,28,616,253270,12888,6,32,2,4,150065,Monthly,52,68.0,No Response,14401,7,0.3136,HIGH,HIGH,63.2
CUSTOMER_0141,customer0141@example.com,+91-9000700140,39,Salaried,41440,1,650,271265,25861,1,12,0,2,198994,Monthly,69,96.0,Responded,24399,24,0.1613,LOW,LOW,19.1
CUSTOMER_0142,customer0142@example.com,+91-9000300141,51,Salaried,50658,43,714,78194,4011,1,0,1,11,6475,Monthly,81,62.0,Responded,3638,19,0.0982,LOW,LOW,8.1
CUSTOMER_0143,customer0143@example.com,+91-9000000142,43,Freelancer,87351,1,711,269942,18805,3,11,0,0,79655,Weekly,90,65.0,Responded,17697,2,0.124,LOW,LOW,7.6
CUSTOMER_0144,customer0144@example.com,+91-9000000143,50,Salaried,31884,1,692,112616,3283,2,1,0,5,18360,Monthly,80,100.0,Responded,3689,1,0.1417,LOW,LOW,1.5
CUSTOMER_0145,customer0145@example.com,+91-9000100144,21,Salaried,59081,14,724,335629,10320,2,3,1,8,171573,Bi-Weekly,62,71.0,No Response,10050,15,0.1909,AT-RISK,AT-RISK,29.7
CUSTOMER_0146,customer0146@example.com,+91-9000800145,35,Self-Employed,25269,15,702,132743,15585,3,3,0,27,77117,Monthly,87,70.0,Responded,14937,10,0.182,LOW,LOW,16.4
CUSTOMER_0147,customer0147@example.com,+91-9000100146,32,Business Owner,25343,48,680,195503,9093,1,8,0,0,122553,Monthly,91,69.0,Responded,8216,6,0.1705,LOW,LOW,3.7
CUSTOMER_0148,customer0148@example.com,+91-9000100147,33,Salaried,53745,26,762,180095,14123,1,3,0,0,50877,Bi-Weekly,84,78.0,No Response,13759,29,0.0506,LOW,LOW,0.4
CUSTOMER_0149,customer0149@example.com,+91-9000500148,27,Freelancer,48366,44,635,123925,6763,4,0,0,3,69382,Monthly,76,68.0,No Response,7296,20,0.1716,LOW,AT-RISK,24.3
CUSTOMER_0150,customer0150@example.com,+91-9000600149,38,Self-Employed,12000,18,607,176328,5458,2,25,1,14,129611,Monthly,82,44.0,No Response,6220,19,0.2251,AT-RISK,AT-RISK,42.8
CUSTOMER_0151,customer0151@example.com,+91-9000600150,21,Salaried,67754,31,607,275579,12626,1,1,1,6,142869,Monthly,63,79.0,No Response,12350,-5,0.2058,AT-RISK,AT-RISK,35.8
CUSTOMER_0152,customer0152@example.com,+91-9000800151,38,Freelancer,12000,35,707,122605,7650,5,6,0,24,22959,Monthly,66,50.0,No Response,7345,11,0.1774,LOW,LOW,34.5
CUSTOMER_0153,customer0153@example.com,+91-9000500152,28,Salaried,46168,37,642,118244,9663,1,5,0,7,50385,Bi-Weekly,75,62.0,Responded,10842,18,0.1084,LOW,LOW,10.5
CUSTOMER_0154,customer0154@example.com,+91-9000700153,30,Salaried,78465,22,741,59565,1984,1,0,0,0,36224,Monthly,84,72.0,No Response,2208,2,0.0443,LOW,LOW,1.2
CUSTOMER_0155,customer0155@example.com,+91-9000500154,38,Self-Employed,97710,23,760,246666,9972,0,0,1,8,149100,Monthly,80,100.0,No Response,9792,11,0.0945,LOW,LOW,11.3
CUSTOMER_0156,customer0156@example.com,+91-9000100155,35,Salaried,33412,21,531,143175,7143,7,21,2,6,85759,Monthly,62,51.0,No Response,6551,-12,0.2761,HIGH,HIGH,68.0
CUSTOMER_0157,customer0157@example.com,+91-9000000156,44,Salaried,21510,4,722,230521,18405,1,2,1,0,132908,Weekly,84,79.0,No Response,21128,1,0.1394,LOW,LOW,8.6
CUSTOMER_0158,customer0158@example.com,+91-9000400157,26,Salaried,63138,24,564,124801,7786,3,9,1,0,25844,Bi-Weekly,56,47.0,No Response,8332,-10,0.1736,LOW,AT-RISK,40.6
CUSTOMER_0159,customer0159@example.com,+91-9000800158,34,Salaried,65773,22,713,237798,6834,2,3,0,18,46603,Monthly,75,83.0,No Response,7733,26,0.1308,LOW,LOW,9.1
CUSTOMER_0160,customer0160@example.com,+91-9000700159,42,Business Owner,35981,34,613,233417,10804,2,9,0,2,172909,Monthly,62,99.0,Responded,10647,-5,0.1762,LOW,LOW,28.8
CUSTOMER_0161,customer0161@example.com,+91-9000300160,38,Self-Employed,32404,27,641,153376,8510,4,5,0,2,22911,Bi-Weekly,71,66.0,Responded,9036,-11,0.1038,LOW,AT-RISK,23.2
CUSTOMER_0162,customer0162@example.com,+91-9000400161,38,Freelancer,32530,44,586,103050,4761,6,2,2,33,18361,Monthly,67,62.0,No Response,5087,2,0.3077,HIGH,HIGH,65.8
CUSTOMER_0163,customer0163@example.com,+91-9000400162,44,Salaried,38919,27,608,110934,3777,13,3,0,21,38464,Bi-Weekly,60,40.0,Responded,4223,9,0.2928,HIGH,HIGH,59.3
CUSTOMER_0164,customer0164@example.com,+91-9000500163,31,Salaried,50527,19,601,110628,6827,3,14,0,0,52326,Weekly,76,73.0,No Response,7839,-6,0.1437,LOW,AT-RISK,24.5
CUSTOMER_0165,customer0165@example.com,+91-9000200164,29,Salaried,33317,26,622,264918,23317,6,5,1,24,134844,Monthly,62,49.0,No Response,21618,25,0.3479,HIGH,HIGH,71.5
CUSTOMER_0166,customer0166@example.com,+91-9000400165,40,Salaried,43984,40,776,143014,6073,0,0,0,3,27357,Monthly,79,72.0,Responded,6423,0,0.0293,LOW,LOW,0.4
CUSTOMER_0167,customer0167@example.com,+91-9000100166,33,Salaried,63795,3,731,63093,2430,1,11,0,0,37168,Bi-Weekly,97,87.0,No Response,2391,-6,0.0395,LOW,LOW,1.3
CUSTOMER_0168,customer0168@example.com,+91-9000900167,45,Business Owner,14653,15,499,175328,6403,6,19,3,48,157283,Monthly,51,41.0,No Response,7061,-6,0.4699,CRITICAL,CRITICAL,93.9
CUSTOMER_0169,customer0169@example.com,+91-9000000168,38,Freelancer,44409,19,644,127764,3936,0,0,0,0,32782,Monthly,88,78.0,Responded,4284,20,0.1111,LOW,LOW,5.5
CUSTOMER_0170,customer0170@example.com,+91-9000000169,29,Freelancer,15990,33,691,20000,1167,1,37,0,7,6414,Monthly,76,81.0,Responded,1310,5,0.1352,LOW,LOW,6.9
CUSTOMER_0171,customer0171@example.com,+91-9000900170,38,Salaried,49593,34,704,140067,16955,2,7,0,4,71614,Bi-Weekly,73,61.0,No Response,16716,-2,0.0773,LOW,LOW,6.0
CUSTOMER_0172,customer0172@example.com,+91-9000600171,26,Business Owner,12000,28,751,218898,6299,1,1,0,13,110846,Monthly,70,51.0,No Response,5959,-8,0.0672,LOW,LOW,10.2
CUSTOMER_0173,customer0173@example.com,+91-9000100172,43,Salaried,56602,1,581,165812,8703,8,2,2,0,58283,Monthly,59,64.0,No Response,7880,-15,0.2792,HIGH,HIGH,61.1
CUSTOMER_0174,customer0174@example.com,+91-9000300173,22,Salaried,21909,4,635,180948,7326,6,8,0,16,59939,Monthly,67,76.0,Responded,7061,0,0.2556,AT-RISK,AT-RISK,38.5
CUSTOMER_0175,customer0175@example.com,+91-9000400174,45,Business Owner,12069,22,604,222480,8560,4,14,0,0,72642,Monthly,59,51.0,Responded,8489,10,0.2026,AT-RISK,AT-RISK,37.5
CUSTOMER_0176,customer0176@example.com,+91-9000600175,37,Self-Employed,41497,20,682,125374,5598,3,1,1,2,23951,Monthly,73,64.0,No Response,6362,26,0.1782,LOW,LOW,6.1
CUSTOMER_0177,customer0177@example.com,+91-9000100176,33,Salaried,91282,29,813,176371,14506,2,0,0,0,48094,Monthly,94,70.0,No Response,14837,-10,0.0759,LOW,LOW,1.1
CUSTOMER_0178,customer0178@example.com,+91-9000500177,41,Salaried,55163,19,585,299658,10457,5,3,1,29,172137,Bi-Weekly,64,69.0,Responded,10865,23,0.3141,HIGH,HIGH,63.9
CUSTOMER_0179,customer0179@example.com,+91-9000000178,39,Salaried,12000,49,687,35658,1184,2,4,0,0,18304,Bi-Weekly,73,95.0,Responded,1326,-14,0.0183,LOW,LOW,3.9
CUSTOMER_0180,customer0180@example.com,+91-9000600179,46,Self-Employed,23195,1,743,120120,5317,5,0,0,0,61932,Bi-Weekly,81,86.0,Responded,5961,-7,0.1732,LOW,LOW,5.8
CUSTOMER_0181,customer0181@example.com,+91-9000800180,46,Salaried,33280,28,577,404233,19568,5,1,0,10,148017,Monthly,59,52.0,No Response,20193,-11,0.1903,AT-RISK,AT-RISK,45.9
CUSTOMER_0182,customer0182@example.com,+91-9000400181,38,Freelancer,94592,40,750,158449,16823,2,5,0,8,80918,Monthly,63,83.0,No Response,15618,24,0.1979,AT-RISK,AT-RISK,20.2
CUSTOMER_0183,customer0183@example.com,+91-9000400182,27,Salaried,31093,38,692,143888,16891,3,7,0,1,5853,Monthly,86,64.0,Responded,16344,-11,0.0841,LOW,LOW,1.6
CUSTOMER_0184,customer0184@example.com,+91-9000300183,30,Salaried,29707,38,718,135973,8400,5,4,2,15,49250,Monthly,65,74.0,Responded,8519,-8,0.2243,AT-RISK,AT-RISK,38.4
CUSTOMER_0185,customer0185@example.com,+91-9000200184,34,Salaried,77151,40,623,251997,16443,4,2,1,0,142642,Monthly,73,57.0,Responded,17886,-11,0.1898,AT-RISK,AT-RISK,39.5
CUSTOMER_0186,customer0186@example.com,+91-9000800185,44,Salaried,54208,19,658,76661,2215,4,2,1,0,32317,Monthly,60,74.0,Responded,2387,-11,0.1745,LOW,LOW,18.9
CUSTOMER_0187,customer0187@example.com,+91-9000400186,30,Salaried,62912,11,676,246020,8337,2,3,0,10,97305,Monthly,72,76.0,No Response,8842,1,0.1043,LOW,LOW,8.9
CUSTOMER_0188,customer0188@example.com,+91-9000700187,31,Self-Employed,35321,1,708,126137,4889,1,15,0,21,55223,Monthly,75,84.0,Responded,5475,-7,0.1282,LOW,LOW,17.3
CUSTOMER_0189,customer0189@example.com,+91-9000800188,51,Business Owner,40472,21,635,110213,5119,3,13,0,0,83792,Weekly,58,66.0,No Response,5634,18,0.1972,AT-RISK,AT-RISK,30.8
CUSTOMER_0190,customer0190@example.com,+91-9000400189,34,Freelancer,56000,14,530,175033,15881,6,2,1,0,99158,Monthly,49,69.0,Responded,18192,17,0.3009,HIGH,HIGH,55.2
CUSTOMER_0191,customer0191@example.com,+91-9000900190,29,Business Owner,43850,43,662,155505,4398,6,3,0,0,92513,Weekly,57,59.0,No Response,4935,6,0.1622,LOW,AT-RISK,36.6
CUSTOMER_0192,customer0192@example.com,+91-9000800191,41,Business Owner,67286,23,615,119924,6951,1,5,0,10,86699,Weekly,73,69.0,Responded,6595,5,0.1536,LOW,LOW,17.1
CUSTOMER_0193,customer0193@example.com,+91-9000100192,34,Self-Employed,57653,13,708,227151,24669,5,4,0,0,107634,Monthly,87,84.0,No Response,22557,27,0.1402,LOW,LOW,11.0
CUSTOMER_0194,customer0194@example.com,+91-9000800193,22,Business Owner,20499,9,552,128421,6169,5,8,0,50,76369,Monthly,45,42.0,No Response,6191,-1,0.3483,CRITICAL,CRITICAL,90.0
CUSTOMER_0195,customer0195@example.com,+91-9000300194,44,Salaried,51387,57,736,148588,4611,5,6,0,0,8312,Bi-Weekly,83,75.0,No Response,4861,-15,0.0996,LOW,LOW,10.1
CUSTOMER_0196,customer0196@example.com,+91-9000500195,28,Salaried,65661,27,695,198962,6099,2,9,0,0,58606,Monthly,75,63.0,No Response,6469,-9,0.1367,LOW,LOW,3.8
CUSTOMER_0197,customer0197@example.com,+91-9000500196,35,Salaried,51796,15,607,193320,30545,6,6,1,5,98479,Monthly,58,53.0,Responded,29533,7,0.2517,AT-RISK,AT-RISK,50.2
CUSTOMER_0198,customer0198@example.com,+91-9000500197,34,Salaried,49880,30,685,198077,6078,2,8,0,2,102263,Bi-Weekly,90,67.0,Responded,6776,-10,0.1082,LOW,LOW,3.5
CUSTOMER_0199,customer0199@example.com,+91-9000100198,37,Salaried,12000,53,710,120725,8535,3,8,2,9,39896,Monthly,86,70.0,No Response,8384,4,0.1922,AT-RISK,AT-RISK,24.6
CUSTOMER_0200,customer0200@example.com,+91-9000600199,21,Freelancer,14018,22,696,192107,26796,2,7,0,0,121930,Monthly,78,70.0,No Response,30273,10,0.1711,LOW,LOW,7.8
CUSTOMER_0201,customer0201@example.com,+91-9000500200,31,Salaried,16253,35,623,222673,7083,4,24,1,44,54545,Monthly,69,45.0,Responded,7209,26,0.3202,HIGH,HIGH,68.3
CUSTOMER_0202,customer0202@example.com,+91-9000000201,45,Salaried,33611,41,677,261387,8189,6,2,1,5,165094,Monthly,57,90.0,Responded,7391,-4,0.2617,AT-RISK,AT-RISK,40.6
CUSTOMER_0203,customer0203@example.com,+91-9000100202,46,Salaried,43703,1,752,20000,1000,2,1,3,3,5604,Monthly,89,65.0,No Response,940,-3,0.1631,LOW,LOW,10.1
CUSTOMER_0204,customer0204@example.com,+91-9000600203,26,Salaried,21918,20,736,165549,7125,1,6,0,0,48961,Monthly,94,80.0,No Response,6594,-3,0.0725,LOW,LOW,0.8
CUSTOMER_0205,customer0205@example.com,+91-9000000204,43,Salaried,76825,45,775,185487,6102,1,3,0,0,83122,Monthly,92,84.0,No Response,5558,-14,0.1036,LOW,LOW,0.7
CUSTOMER_0206,customer0206@example.com,+91-9000000205,28,Salaried,25031,18,720,113738,3843,3,11,2,9,24420,Monthly,88,69.0,Responded,4144,16,0.2153,AT-RISK,AT-RISK,22.7
CUSTOMER_0207,customer0207@example.com,+91-9000000206,31,Salaried,21533,33,737,112404,3437,6,0,1,16,11698,Bi-Weekly,76,69.0,Responded,3258,15,0.1635,LOW,AT-RISK,24.1
CUSTOMER_0208,customer0208@example.com,+91-9000700207,32,Salaried,41860,15,580,118958,5267,6,9,1,8,56842,Monthly,57,46.0,Responded,5844,-5,0.2788,HIGH,HIGH,58.7
CUSTOMER_0209,customer0209@example.com,+91-9000300208,35,Business Owner,64690,21,740,77036,2199,1,1,0,8,31358,Monthly,66,76.0,Responded,2124,21,0.1405,LOW,LOW,5.2
CUSTOMER_0210,customer0210@example.com,+91-9000300209,44,Self-Employed,85151,19,620,211197,5885,5,4,0,0,124520,Monthly,75,68.0,No Response,5344,-12,0.1817,LOW,AT-RISK,30.7
CUSTOMER_0211,customer0211@example.com,+91-9000100210,37,Salaried,54132,34,625,363071,38232,6,1,0,17,279738,Monthly,62,71.0,No Response,42252,18,0.3172,HIGH,HIGH,62.4
CUSTOMER_0212,customer0212@example.com,+91-9000000211,33,Salaried,73168,29,612,119791,3804,6,1,4,2,9978,Monthly,76,82.0,Responded,3866,0,0.2082,AT-RISK,AT-RISK,44.6
CUSTOMER_0213,customer0213@example.com,+91-9000900212,43,Salaried,25206,29,678,114889,5472,1,0,0,14,47933,Monthly,72,69.0,Responded,5744,15,0.0904,LOW,LOW,6.6
CUSTOMER_0214,customer0214@example.com,+91-9000800213,27,Business Owner,97863,65,728,136845,7763,4,3,1,0,57120,Monthly,90,89.0,Responded,7639,9,0.2194,AT-RISK,LOW,16.0
CUSTOMER_0215,customer0215@example.com,+91-9000600214,34,Salaried,12000,48,593,34238,1403,8,3,2,0,27312,Monthly,63,79.0,No Response,1278,23,0.3015,HIGH,HIGH,58.3
CUSTOMER_0216,customer0216@example.com,+91-9000300215,43,Salaried,37160,1,723,103851,13524,6,0,0,0,72076,Monthly,75,66.0,Responded,13423,-8,0.1651,LOW,LOW,15.0
CUSTOMER_0217,customer0217@example.com,+91-9000500216,39,Business Owner,64409,22,796,131525,6205,1,1,0,0,56978,Bi-Weekly,88,88.0,Responded,6388,-8,0.109,LOW,LOW,0.7
CUSTOMER_0218,customer0218@example.com,+91-9000100217,30,Salaried,16536,60,672,88788,2763,2,1,2,6,36103,Bi-Weekly,66,61.0,No Response,2494,18,0.1463,LOW,LOW,18.4
CUSTOMER_0219,customer0219@example.com,+91-9000600218,21,Salaried,31620,20,697,231215,18640,3,13,0,0,31211,Monthly,91,89.0,No Response,19452,-1,0.1561,LOW,LOW,3.8
CUSTOMER_0220,customer0220@example.com,+91-9000100219,37,Salaried,22965,51,557,64456,3430,5,3,0,29,23458,Monthly,51,50.0,No Response,3852,-11,0.2293,AT-RISK,HIGH,54.4
CUSTOMER_0221,customer0221@example.com,+91-9000900220,21,Freelancer,43499,22,732,213171,6235,5,1,1,0,85862,Bi-Weekly,86,82.0,Responded,5951,3,0.1725,LOW,LOW,10.1
CUSTOMER_0222,customer0222@example.com,+91-9000700221,33,Business Owner,67428,23,624,300346,15927,6,15,1,19,181308,Weekly,50,72.0,Responded,18024,-6,0.2807,HIGH,HIGH,69.2
CUSTOMER_0223,customer0223@example.com,+91-9000700222,45,Self-Employed,38425,35,542,228764,13656,11,11,3,20,138828,Monthly,49,37.0,No Response,12623,-7,0.4571,CRITICAL,CRITICAL,83.4
CUSTOMER_0224,customer0224@example.com,+91-9000000223,40,Salaried,40244,26,721,137846,7173,2,6,0,35,67264,Monthly,92,65.0,No Response,7935,13,0.2165,AT-RISK,AT-RISK,25.9
CUSTOMER_0225,customer0225@example.com,+91-9000700224,21,Salaried,12000,34,710,173691,8047,4,6,1,103,56603,Bi-Weekly,74,61.0,No Response,8932,24,0.3921,CRITICAL,CRITICAL,73.3
CUSTOMER_0226,customer0226@example.com,+91-9000100225,36,Freelancer,52443,47,625,131338,5261,2,23,1,31,76831,Monthly,68,76.0,No Response,5073,21,0.2817,HIGH,HIGH,55.7
CUSTOMER_0227,customer0227@example.com,+91-9000500226,32,Freelancer,59417,36,616,20000,1000,5,1,1,18,2929,Monthly,82,51.0,Responded,1139,3,0.2016,AT-RISK,AT-RISK,43.5
CUSTOMER_0228,customer0228@example.com,+91-9000000227,23,Salaried,16908,31,703,68632,3508,1,14,0,0,8459,Monthly,88,84.0,No Response,3522,-3,0.0958,LOW,LOW,1.6
CUSTOMER_0229,customer0229@example.com,+91-9000400228,38,Business Owner,48062,51,711,147223,4823,2,8,1,8,20607,Monthly,82,82.0,Responded,4511,24,0.1647,LOW,LOW,5.2
CUSTOMER_0230,customer0230@example.com,+91-9000600229,30,Salaried,45395,37,678,93483,4246,7,8,0,59,69976,Monthly,67,61.0,Responded,4449,0,0.3198,HIGH,HIGH,64.1
CUSTOMER_0231,customer0231@example.com,+91-9000900230,30,Salaried,67667,17,655,119206,7379,1,5,0,0,10345,Weekly,68,87.0,Responded,8479,14,0.0661,LOW,LOW,4.7
CUSTOMER_0232,customer0232@example.com,+91-9000000231,36,Self-Employed,27059,48,585,238424,9263,4,11,1,17,179584,Monthly,48,28.0,No Response,10419,-11,0.2847,HIGH,HIGH,67.6
CUSTOMER_0233,customer0233@example.com,+91-9000100232,29,Salaried,27550,34,582,188229,6836,7,0,1,2,43079,Monthly,63,67.0,Responded,6628,17,0.2271,AT-RISK,HIGH,52.0
CUSTOMER_0234,customer0234@example.com,+91-9000600233,35,Freelancer,38691,24,657,238718,10497,1,1,2,6,85065,Monthly,62,67.0,No Response,10961,3,0.1239,LOW,LOW,19.7
CUSTOMER_0235,customer0235@example.com,+91-9000500234,29,Salaried,75174,1,738,168586,21898,3,15,0,1,102795,Monthly,92,56.0,No Response,20339,3,0.1449,LOW,LOW,7.7
CUSTOMER_0236,customer0236@example.com,+91-9000200235,30,Salaried,73518,9,727,162728,14664,3,2,1,0,60629,Monthly,93,65.0,Responded,14890,1,0.1411,LOW,LOW,3.3
CUSTOMER_0237,customer0237@example.com,+91-9000900236,43,Freelancer,49926,52,724,92867,6378,1,2,1,2,15247,Monthly,88,94.0,Responded,6574,8,0.0404,LOW,LOW,1.0
CUSTOMER_0238,customer0238@example.com,+91-9000100237,44,Freelancer,66814,51,683,52048,3594,4,8,1,34,12015,Weekly,86,77.0,Responded,3517,12,0.2602,AT-RISK,AT-RISK,31.1
CUSTOMER_0239,customer0239@example.com,+91-9000900238,21,Salaried,12000,29,689,114970,4387,4,3,1,2,69131,Monthly,88,85.0,Responded,4479,26,0.1539,LOW,LOW,9.3
CUSTOMER_0240,customer0240@example.com,+91-9000300239,41,Salaried,63795,3,720,96552,14739,3,0,0,15,30577,Monthly,76,83.0,Responded,16654,21,0.1451,LOW,LOW,7.7
CUSTOMER_0241,customer0241@example.com,+91-9000200240,47,Self-Employed,22973,11,592,163797,5713,6,12,0,5,84659,Monthly,47,41.0,No Response,5856,6,0.2351,AT-RISK,HIGH,57.9
CUSTOMER_0242,customer0242@example.com,+91-9000600241,49,Salaried,79554,5,615,74226,5316,2,8,0,4,26627,Monthly,68,71.0,Responded,5888,23,0.1455,LOW,LOW,18.6
CUSTOMER_0243,customer0243@example.com,+91-9000700242,39,Freelancer,24305,4,573,249840,16328,4,1,0,9,85681,Monthly,57,72.0,No Response,15990,0,0.2038,AT-RISK,AT-RISK,35.2
CUSTOMER_0244,customer0244@example.com,+91-9000100243,25,Freelancer,31013,55,561,99720,4566,3,19,0,0,19174,Monthly,79,64.0,No Response,5218,19,0.1898,AT-RISK,AT-RISK,32.2
CUSTOMER_0245,customer0245@example.com,+91-9000900244,40,Salaried,57080,55,665,130080,10424,4,1,1,2,67044,Monthly,74,84.0,Responded,9625,11,0.1765,LOW,LOW,13.0
CUSTOMER_0246,customer0246@example.com,+91-9000600245,27,Salaried,61702,12,740,148709,4570,2,3,1,5,74356,Monthly,66,65.0,No Response,4782,-4,0.1692,LOW,LOW,8.8
CUSTOMER_0247,customer0247@example.com,+91-9000700246,31,Salaried,40023,27,656,235263,27480,5,0,1,4,50704,Monthly,85,73.0,No Response,30158,12,0.2275,AT-RISK,AT-RISK,29.3
CUSTOMER_0248,customer0248@example.com,+91-9000500247,38,Freelancer,42596,8,552,369009,19088,7,10,3,25,280814,Monthly,60,53.0,Responded,21063,-15,0.4467,CRITICAL,CRITICAL,90.4
CUSTOMER_0249,customer0249@example.com,+91-9000500248,27,Salaried,59766,28,724,279592,8880,0,2,0,0,158514,Monthly,93,83.0,No Response,8432,23,0.075,LOW,LOW,6.4
CUSTOMER_0250,customer0250@example.com,+91-9000900249,24,Salaried,53075,49,627,58132,2375,9,3,1,2,40295,Bi-Weekly,62,63.0,No Response,2375,2,0.2823,HIGH,HIGH,54.2
CUSTOMER_0251,customer0251@example.com,+91-9000000250,39,Salaried,42559,44,775,115985,7852,0,7,0,2,15347,Monthly,86,88.0,Responded,8292,7,0.0,LOW,LOW,0.4
CUSTOMER_0252,customer0252@example.com,+91-9000300251,51,Self-Employed,44971,34,527,140124,7524,8,0,0,1,45266,Monthly,42,54.0,No Response,7365,6,0.2236,AT-RISK,HIGH,54.1
CUSTOMER_0253,customer0253@example.com,+91-9000000252,46,Salaried,80095,25,798,166738,6129,5,6,1,0,90566,Monthly,100,57.0,Responded,6524,-12,0.1282,LOW,LOW,14.0
CUSTOMER_0254,customer0254@example.com,+91-9000300253,41,Salaried,26002,46,667,163602,4648,0,3,1,0,25113,Monthly,85,99.0,No Response,4623,-5,0.1102,LOW,LOW,2.3
CUSTOMER_0255,customer0255@example.com,+91-9000100254,43,Freelancer,27030,33,573,129032,3934,7,41,0,0,6584,Bi-Weekly,55,44.0,Responded,3885,2,0.2766,HIGH,HIGH,55.7
CUSTOMER_0256,customer0256@example.com,+91-9000400255,40,Freelancer,44561,31,623,112987,6943,4,7,3,1,78384,Monthly,62,86.0,No Response,6436,-9,0.3032,HIGH,HIGH,52.8
CUSTOMER_0257,customer0257@example.com,+91-9000900256,39,Business Owner,28199,26,693,75309,2095,0,0,1,0,18670,Monthly,81,70.0,Responded,1906,5,0.1196,LOW,LOW,2.5
CUSTOMER_0258,customer0258@example.com,+91-9000800257,43,Salaried,12408,30,660,20000,3275,2,0,0,1,6972,Monthly,72,59.0,No Response,3631,19,0.0376,LOW,LOW,9.4
CUSTOMER_0259,customer0259@example.com,+91-9000900258,22,Salaried,69059,31,802,53794,7877,2,12,0,8,17945,Monthly,64,75.0,Responded,8053,21,0.0591,LOW,LOW,12.3
CUSTOMER_0260,customer0260@example.com,+91-9000200259,36,Self-Employed,12000,20,704,218045,7098,2,10,0,0,129332,Bi-Weekly,89,63.0,Responded,7387,14,0.1272,LOW,LOW,7.1
CUSTOMER_0261,customer0261@example.com,+91-9000700260,34,Salaried,41122,17,698,259020,21614,5,2,0,1,65720,Monthly,83,50.0,Responded,21463,1,0.101,LOW,LOW,18.5
CUSTOMER_0262,customer0262@example.com,+91-9000200261,35,Freelancer,50296,12,514,318834,40755,6,10,2,58,262363,Monthly,64,50.0,No Response,38072,17,0.4222,CRITICAL,CRITICAL,94.1
CUSTOMER_0263,customer0263@example.com,+91-9000500262,30,Self-Employed,46197,13,530,259007,19749,7,6,2,29,139462,Bi-Weekly,74,62.0,Responded,19993,0,0.3538,CRITICAL,CRITICAL,87.2
CUSTOMER_0264,customer0264@example.com,+91-9000300263,39,Salaried,38636,24,692,80256,4272,5,24,0,1,33436,Weekly,70,84.0,No Response,4089,-1,0.123,LOW,LOW,13.1
CUSTOMER_0265,customer0265@example.com,+91-9000700264,27,Freelancer,25763,22,635,66179,2370,6,20,1,33,17972,Monthly,78,52.0,No Response,2629,-3,0.2711,HIGH,HIGH,59.1
CUSTOMER_0266,customer0266@example.com,+91-9000500265,30,Freelancer,54597,19,774,20000,1000,3,24,1,0,4002,Monthly,72,77.0,No Response,1146,23,0.1753,LOW,LOW,11.5
CUSTOMER_0267,customer0267@example.com,+91-9000700266,29,Salaried,29965,18,735,104393,7951,2,10,1,0,44748,Monthly,77,72.0,Responded,8923,-13,0.1175,LOW,LOW,4.1
CUSTOMER_0268,customer0268@example.com,+91-9000000267,42,Salaried,48068,30,632,178834,8476,4,19,1,88,68730,Monthly,78,62.0,No Response,8747,8,0.4582,CRITICAL,CRITICAL,85.4
CUSTOMER_0269,customer0269@example.com,+91-9000500268,34,Salaried,55352,49,757,67576,2000,2,0,0,5,37092,Monthly,82,91.0,Responded,2114,7,0.0691,LOW,LOW,1.1
CUSTOMER_0270,customer0270@example.com,+91-9000000269,30,Salaried,56329,29,768,162129,5324,2,5,0,0,49144,Bi-Weekly,91,75.0,No Response,6053,29,0.0947,LOW,LOW,0.5
CUSTOMER_0271,customer0271@example.com,+91-9000000270,31,Salaried,33275,25,613,220533,14050,5,9,0,14,92134,Monthly,61,66.0,No Response,14537,-15,0.2153,AT-RISK,AT-RISK,43.6
CUSTOMER_0272,customer0272@example.com,+91-9000700271,35,Self-Employed,88221,14,630,115177,3247,1,18,0,7,35478,Monthly,73,85.0,Responded,3440,16,0.1339,LOW,LOW,19.4
CUSTOMER_0273,customer0273@example.com,+91-9000600272,49,Freelancer,46568,22,563,60069,2203,6,8,1,2,41707,Monthly,54,68.0,Responded,2329,17,0.2362,AT-RISK,AT-RISK,45.4
CUSTOMER_0274,customer0274@example.com,+91-9000200273,23,Salaried,38072,41,611,293664,37297,2,0,1,1,109777,Monthly,75,46.0,No Response,40169,14,0.1824,LOW,LOW,32.3
CUSTOMER_0275,customer0275@example.com,+91-9000500274,41,Salaried,52509,41,653,158229,22428,0,5,2,3,34920,Weekly,79,62.0,Responded,23775,-14,0.1658,LOW,LOW,11.9
CUSTOMER_0276,customer0276@example.com,+91-9000800275,39,Self-Employed,28628,37,548,352950,31934,3,10,1,47,260852,Monthly,67,56.0,No Response,34095,2,0.4313,CRITICAL,CRITICAL,86.8
CUSTOMER_0277,customer0277@example.com,+91-9000600276,27,Salaried,36003,38,582,182834,6568,5,2,1,0,93340,Monthly,48,69.0,Responded,7103,14,0.2329,AT-RISK,HIGH,51.0
CUSTOMER_0278,customer0278@example.com,+91-9000200277,48,Business Owner,79947,30,620,196269,17048,4,4,0,30,104155,Monthly,59,53.0,No Response,18791,2,0.2643,AT-RISK,AT-RISK,44.3
CUSTOMER_0279,customer0279@example.com,+91-9000500278,39,Salaried,34334,33,730,76335,3576,1,4,0,0,32106,Monthly,78,75.0,Responded,3578,-11,0.0424,LOW,LOW,0.3
CUSTOMER_0280,customer0280@example.com,+91-9000300279,30,Salaried,51790,33,764,104104,11832,2,1,0,0,43997,Monthly,95,96.0,No Response,12854,-11,0.0887,LOW,LOW,0.6
CUSTOMER_0281,customer0281@example.com,+91-9000200280,21,Salaried,44671,23,795,28107,1000,3,1,0,0,5412,Monthly,100,80.0,No Response,925,-8,0.0626,LOW,LOW,3.7
CUSTOMER_0282,customer0282@example.com,+91-9000800281,37,Business Owner,25024,27,572,57025,3494,5,1,1,18,4085,Monthly,44,78.0,No Response,3909,-7,0.1716,LOW,HIGH,48.4
CUSTOMER_0283,customer0283@example.com,+91-9000900282,34,Salaried,56027,30,654,210635,6336,2,16,0,0,121326,Monthly,80,51.0,Responded,6161,16,0.1251,LOW,LOW,12.3
CUSTOMER_0284,customer0284@example.com,+91-9000100283,25,Business Owner,52452,38,745,119333,3474,2,5,1,0,13025,Bi-Weekly,100,73.0,No Response,3477,-2,0.0346,LOW,LOW,1.9
CUSTOMER_0285,customer0285@example.com,+91-9000000284,25,Salaried,64136,28,634,124129,20073,6,0,0,7,66177,Monthly,70,52.0,Responded,22098,-3,0.1744,LOW,LOW,31.8
CUSTOMER_0286,customer0286@example.com,+91-9000100285,42,Salaried,63785,56,689,96250,4830,1,8,1,0,8936,Monthly,78,72.0,Responded,5116,2,0.1217,LOW,LOW,3.8
CUSTOMER_0287,customer0287@example.com,+91-9000600286,21,Salaried,64598,10,632,125522,18624,2,8,0,0,36646,Monthly,81,78.0,No Response,18198,-12,0.108,LOW,LOW,12.1
CUSTOMER_0288,customer0288@example.com,+91-9000900287,37,Freelancer,29909,37,615,244929,7363,3,0,0,9,20211,Bi-Weekly,58,67.0,No Response,7041,6,0.1723,LOW,LOW,25.2
CUSTOMER_0289,customer0289@example.com,+91-9000000288,33,Freelancer,53630,25,635,186931,8673,7,4,0,11,84329,Bi-Weekly,65,54.0,Responded,9882,4,0.1661,LOW,AT-RISK,38.0
CUSTOMER_0290,customer0290@example.com,+91-9000500289,39,Salaried,65359,28,769,57096,6922,3,3,0,0,23701,Monthly,80,61.0,No Response,6381,-1,0.1184,LOW,LOW,1.5
CUSTOMER_0291,customer0291@example.com,+91-9000600290,32,Salaried,28562,16,665,230893,24805,1,3,1,4,34842,Monthly,94,91.0,Responded,22351,-9,0.1231,LOW,LOW,3.4
CUSTOMER_0292,customer0292@example.com,+91-9000800291,37,Salaried,43933,42,662,268683,15348,3,6,0,14,70617,Monthly,81,75.0,Responded,16395,-3,0.1268,LOW,LOW,10.4
CUSTOMER_0293,customer0293@example.com,+91-9000700292,28,Salaried,18797,35,564,206069,6024,4,4,2,0,147968,Monthly,63,59.0,No Response,6346,18,0.26,AT-RISK,AT-RISK,51.0
CUSTOMER_0294,customer0294@example.com,+91-9000500293,34,Salaried,64174,40,783,207037,7728,0,0,1,3,62763,Bi-Weekly,90,94.0,Responded,8380,25,0.1428,LOW,LOW,1.5
CUSTOMER_0295,customer0295@example.com,+91-9000200294,39,Freelancer,64477,31,727,228651,7138,2,15,0,0,117790,Bi-Weekly,88,72.0,Responded,7729,14,0.1706,LOW,LOW,5.8
CUSTOMER_0296,customer0296@example.com,+91-9000700295,36,Freelancer,70217,22,615,28603,1683,5,2,0,0,20690,Weekly,75,53.0,No Response,1877,-11,0.2063,AT-RISK,AT-RISK,31.9
CUSTOMER_0297,customer0297@example.com,+91-9000600296,38,Salaried,42308,26,650,307408,42131,8,8,0,0,219901,Monthly,88,59.0,No Response,47630,-15,0.2479,AT-RISK,AT-RISK,36.7
CUSTOMER_0298,customer0298@example.com,+91-9000200297,26,Salaried,62441,35,683,208061,5905,2,0,0,0,110653,Monthly,84,70.0,No Response,6458,15,0.1455,LOW,LOW,3.3
CUSTOMER_0299,customer0299@example.com,+91-9000800298,29,Business Owner,58588,1,622,220349,33820,2,3,0,29,65604,Monthly,75,46.0,Responded,32402,4,0.2301,AT-RISK,AT-RISK,41.8
CUSTOMER_0300,customer0300@example.com,+91-9000100299,29,Business Owner,32350,39,730,150052,4358,4,3,1,1,106953,Monthly,87,59.0,No Response,4427,3,0.1347,LOW,LOW,16.9
CUSTOMER_0301,customer0301@example.com,+91-9000200300,32,Salaried,31451,62,674,49137,2880,1,1,0,5,27087,Monthly,74,100.0,Responded,3054,13,0.1323,LOW,LOW,2.4
CUSTOMER_0302,customer0302@example.com,+91-9000100301,47,Salaried,38340,36,848,108606,17231,0,1,1,0,51867,Bi-Weekly,86,69.0,Responded,17831,29,0.0884,LOW,LOW,1.6
CUSTOMER_0303,customer0303@example.com,+91-9000000302,31,Salaried,37453,22,617,209364,7848,3,1,2,1,11743,Monthly,66,44.0,Responded,7374,22,0.1684,LOW,AT-RISK,40.5
CUSTOMER_0304,customer0304@example.com,+91-9000300303,24,Salaried,30376,25,722,71189,2010,5,5,0,6,49879,Monthly,72,71.0,No Response,2105,-6,0.1642,LOW,LOW,12.0
CUSTOMER_0305,customer0305@example.com,+91-9000400304,39,Salaried,32827,36,653,159172,4551,5,8,0,21,96505,Monthly,83,64.0,No Response,5104,13,0.2643,HIGH,HIGH,47.5
CUSTOMER_0306,customer0306@example.com,+91-9000500305,47,Salaried,62492,23,669,65529,6051,3,0,1,21,37935,Monthly,65,75.0,Responded,6079,15,0.1984,AT-RISK,AT-RISK,25.0
CUSTOMER_0307,customer0307@example.com,+91-9000400306,23,Self-Employed,49961,41,802,111398,9739,2,7,0,5,9000,Monthly,89,72.0,Responded,10393,-5,0.1016,LOW,LOW,1.5
CUSTOMER_0308,customer0308@example.com,+91-9000000307,52,Salaried,55026,25,724,48394,2107,2,1,0,0,9018,Monthly,73,62.0,Responded,2220,7,0.0672,LOW,LOW,2.9
CUSTOMER_0309,customer0309@example.com,+91-9000200308,38,Salaried,33805,48,632,46557,1853,8,2,0,25,36220,Monthly,66,81.0,Responded,1842,14,0.2342,AT-RISK,AT-RISK,45.4
CUSTOMER_0310,customer0310@example.com,+91-9000000309,44,Salaried,39663,53,679,158261,5615,0,3,2,0,49677,Monthly,100,60.0,No Response,5846,9,0.0823,LOW,LOW,7.9
CUSTOMER_0311,customer0311@example.com,+91-9000400310,48,Business Owner,53893,23,635,107969,9444,3,3,1,10,32221,Bi-Weekly,92,76.0,No Response,8995,0,0.1594,LOW,LOW,15.8
CUSTOMER_0312,customer0312@example.com,+91-9000400311,43,Business Owner,54687,27,755,104129,2994,2,2,0,11,53677,Bi-Weekly,90,87.0,No Response,3103,7,0.1167,LOW,LOW,2.9
CUSTOMER_0313,customer0313@example.com,+91-9000500312,34,Salaried,57909,26,681,115167,4576,6,1,0,0,12531,Monthly,72,73.0,No Response,5032,17,0.1015,LOW,LOW,18.8
CUSTOMER_0314,customer0314@example.com,+91-9000700313,45,Salaried,72941,27,687,362778,11549,3,9,1,2,114286,Monthly,80,67.0,No Response,12585,21,0.2375,AT-RISK,AT-RISK,24.1
CUSTOMER_0315,customer0315@example.com,+91-9000900314,37,Freelancer,31153,13,594,225381,10151,2,8,0,16,75240,Monthly,62,46.0,Responded,10044,12,0.2187,AT-RISK,AT-RISK,38.7
CUSTOMER_0316,customer0316@example.com,+91-9000000315,44,Salaried,60408,12,576,224704,12193,2,1,2,15,66839,Weekly,84,82.0,Responded,11315,11,0.2349,AT-RISK,AT-RISK,38.5
CUSTOMER_0317,customer0317@example.com,+91-9000300316,45,Salaried,22157,40,531,115611,3273,6,5,2,2,36274,Monthly,64,69.0,No Response,3600,-10,0.2964,HIGH,HIGH,60.6
CUSTOMER_0318,customer0318@example.com,+91-9000900317,25,Salaried,72339,38,570,233837,9965,4,17,1,81,53100,Monthly,57,72.0,Responded,9628,22,0.3974,CRITICAL,CRITICAL,81.9
CUSTOMER_0319,customer0319@example.com,+91-9000000318,42,Salaried,36034,44,716,120117,3752,2,2,0,0,15660,Bi-Weekly,87,84.0,Responded,3426,21,0.0333,LOW,LOW,0.8
CUSTOMER_0320,customer0320@example.com,+91-9000800319,33,Salaried,58098,25,615,99282,2869,2,0,1,0,49639,Monthly,69,60.0,No Response,2901,-10,0.1611,LOW,AT-RISK,29.2
CUSTOMER_0321,customer0321@example.com,+91-9000600320,36,Freelancer,20830,46,527,387473,14754,5,5,0,0,342055,Bi-Weekly,51,53.0,No Response,16006,9,0.3224,HIGH,HIGH,62.9
CUSTOMER_0322,customer0322@example.com,+91-9000600321,36,Self-Employed,42249,26,692,212674,9465,5,2,0,20,87729,Monthly,69,78.0,Responded,10431,-3,0.194,AT-RISK,AT-RISK,30.9
CUSTOMER_0323,customer0323@example.com,+91-9000400322,35,Salaried,60170,34,557,247161,40482,4,8,0,0,78973,Monthly,58,50.0,Responded,46374,17,0.1639,LOW,AT-RISK,39.9
CUSTOMER_0324,customer0324@example.com,+91-9000600323,48,Freelancer,31893,8,684,80133,11128,4,11,0,0,11782,Monthly,79,60.0,No Response,10542,17,0.1189,LOW,LOW,9.6
CUSTOMER_0325,customer0325@example.com,+91-9000100324,22,Salaried,80039,22,614,63837,5308,6,5,1,13,44245,Bi-Weekly,55,38.0,No Response,5167,9,0.2715,HIGH,HIGH,61.6
CUSTOMER_0326,customer0326@example.com,+91-9000300325,21,Salaried,38429,22,571,185269,15998,6,6,2,21,165454,Bi-Weekly,43,46.0,Responded,16835,-2,0.3787,CRITICAL,CRITICAL,88.6
CUSTOMER_0327,customer0327@example.com,+91-9000600326,21,Self-Employed,69345,27,705,104214,7638,0,11,0,5,26394,Monthly,89,84.0,No Response,8423,24,0.1325,LOW,LOW,2.1
CUSTOMER_0328,customer0328@example.com,+91-9000200327,44,Self-Employed,54727,9,656,204965,13530,3,5,1,2,48768,Monthly,65,57.0,No Response,12968,25,0.1839,AT-RISK,AT-RISK,24.8
CUSTOMER_0329,customer0329@example.com,+91-9000100328,28,Salaried,45386,33,576,256275,15252,7,9,1,35,147185,Monthly,49,59.0,No Response,15289,26,0.3484,CRITICAL,CRITICAL,85.6
CUSTOMER_0330,customer0330@example.com,+91-9000900329,36,Salaried,20175,41,661,162700,8739,2,1,1,42,92798,Weekly,71,69.0,Responded,8757,22,0.2405,AT-RISK,AT-RISK,43.9
CUSTOMER_0331,customer0331@example.com,+91-9000100330,33,Self-Employed,34553,16,567,246923,27539,7,8,0,3,98786,Monthly,53,69.0,No Response,30106,-7,0.2208,AT-RISK,AT-RISK,52.8
CUSTOMER_0332,customer0332@example.com,+91-9000000331,27,Self-Employed,60952,10,640,197488,27161,9,8,1,23,109921,Bi-Weekly,62,29.0,No Response,26080,2,0.3737,CRITICAL,CRITICAL,79.7
CUSTOMER_0333,customer0333@example.com,+91-9000400332,42,Self-Employed,41857,17,625,85389,3256,3,2,0,23,43015,Monthly,77,55.0,Responded,3718,-1,0.1483,LOW,AT-RISK,32.4
CUSTOMER_0334,customer0334@example.com,+91-9000500333,33,Salaried,46147,32,677,153417,6935,5,38,0,17,117932,Monthly,61,56.0,No Response,7126,-12,0.2641,AT-RISK,AT-RISK,40.4
CUSTOMER_0335,customer0335@example.com,+91-9000500334,32,Salaried,17292,18,664,174885,9049,1,15,0,13,28113,Monthly,87,88.0,No Response,8782,18,0.1447,LOW,LOW,6.5
CUSTOMER_0336,customer0336@example.com,+91-9000800335,37,Salaried,39382,26,679,212298,8480,2,6,0,0,137788,Monthly,63,66.0,No Response,8234,22,0.1923,AT-RISK,AT-RISK,22.9
CUSTOMER_0337,customer0337@example.com,+91-9000300336,41,Salaried,71526,13,702,164833,5346,1,3,0,3,46990,Bi-Weekly,73,72.0,Responded,4835,1,0.1781,LOW,LOW,1.3
CUSTOMER_0338,customer0338@example.com,+91-9000000337,26,Freelancer,17963,47,514,140800,7477,7,7,1,20,99300,Monthly,44,74.0,No Response,8023,-9,0.298,HIGH,HIGH,68.8
CUSTOMER_0339,customer0339@example.com,+91-9000500338,42,Salaried,65762,29,754,209558,8304,0,0,0,3,78612,Monthly,74,82.0,Responded,9084,16,0.0879,LOW,LOW,1.8
CUSTOMER_0340,customer0340@example.com,+91-9000400339,48,Salaried,46070,41,641,206032,5953,3,3,2,103,86470,Monthly,82,71.0,No Response,5405,7,0.4353,CRITICAL,CRITICAL,78.2
CUSTOMER_0341,customer0341@example.com,+91-9000900340,22,Business Owner,42132,33,679,282394,9054,3,9,1,0,148210,Monthly,91,60.0,No Response,9474,4,0.1721,LOW,LOW,16.2
CUSTOMER_0342,customer0342@example.com,+91-9000500341,37,Salaried,37730,25,633,182783,9732,4,5,1,0,64869,Weekly,57,74.0,Responded,10660,-14,0.1879,AT-RISK,AT-RISK,34.7
CUSTOMER_0343,customer0343@example.com,+91-9000200342,32,Salaried,34749,24,613,82874,3270,5,17,0,0,11715,Monthly,75,77.0,Responded,3250,5,0.1424,LOW,AT-RISK,25.8
CUSTOMER_0344,customer0344@example.com,+91-9000100343,41,Business Owner,39736,17,735,247874,21912,3,0,1,12,91711,Bi-Weekly,80,75.0,No Response,22091,-4,0.2201,AT-RISK,AT-RISK,21.6
CUSTOMER_0345,customer0345@example.com,+91-9000500344,24,Business Owner,68465,21,752,103898,4553,4,3,0,0,37422,Monthly,95,73.0,No Response,4509,26,0.0406,LOW,LOW,4.4
CUSTOMER_0346,customer0346@example.com,+91-9000000345,49,Self-Employed,31725,12,533,219642,6197,4,11,2,22,49831,Bi-Weekly,51,58.0,No Response,6066,11,0.3058,HIGH,HIGH,65.3
CUSTOMER_0347,customer0347@example.com,+91-9000600346,21,Salaried,70924,11,617,197090,9145,4,6,1,5,158636,Weekly,63,37.0,Responded,9353,-6,0.2819,HIGH,HIGH,57.1
CUSTOMER_0348,customer0348@example.com,+91-9000600347,32,Self-Employed,50138,54,664,169950,5023,5,16,0,6,35580,Monthly,80,77.0,Responded,4729,-8,0.1907,AT-RISK,AT-RISK,25.7
CUSTOMER_0349,customer0349@example.com,+91-9000900348,38,Business Owner,36100,31,659,144360,7923,1,29,0,0,46280,Bi-Weekly,84,58.0,Responded,8003,5,0.1122,LOW,LOW,8.1
CUSTOMER_0350,customer0350@example.com,+91-9000600349,28,Salaried,71621,50,720,24271,1000,3,0,0,7,3033,Monthly,87,74.0,No Response,1135,6,0.0823,LOW,LOW,5.7
CUSTOMER_0351,customer0351@example.com,+91-9000900350,27,Salaried,53454,15,653,86814,3713,5,1,1,13,39976,Monthly,56,76.0,No Response,3367,-3,0.2505,AT-RISK,AT-RISK,33.6
CUSTOMER_0352,customer0352@example.com,+91-9000000351,37,Business Owner,13251,9,560,293766,40418,4,1,1,67,91783,Bi-Weekly,48,69.0,No Response,38040,24,0.3671,CRITICAL,CRITICAL,80.1
CUSTOMER_0353,customer0353@example.com,+91-9000300352,35,Salaried,30245,14,742,169252,7170,2,4,0,0,54144,Monthly,71,58.0,Responded,7847,-4,0.096,LOW,LOW,3.7
CUSTOMER_0354,customer0354@example.com,+91-9000600353,35,Business Owner,48742,22,775,276207,19400,2,1,0,0,46529,Monthly,91,65.0,No Response,18100,1,0.0876,LOW,LOW,1.3
CUSTOMER_0355,customer0355@example.com,+91-9000800354,42,Salaried,18272,28,797,70356,10087,2,6,0,0,4922,Bi-Weekly,83,82.0,Responded,9762,-7,0.0935,LOW,LOW,1.3
CUSTOMER_0356,customer0356@example.com,+91-9000400355,31,Salaried,91333,26,688,144408,4715,2,2,0,35,75493,Bi-Weekly,83,53.0,No Response,4779,24,0.169,LOW,LOW,20.3
CUSTOMER_0357,customer0357@example.com,+91-9000100356,37,Salaried,63039,16,667,246256,17254,6,6,3,11,116104,Monthly,75,86.0,Responded,19596,-4,0.2691,HIGH,AT-RISK,43.5
CUSTOMER_0358,customer0358@example.com,+91-9000600357,30,Business Owner,47609,28,683,110448,3694,4,8,3,0,29319,Monthly,67,72.0,Responded,3494,-7,0.2032,AT-RISK,AT-RISK,31.8
CUSTOMER_0359,customer0359@example.com,+91-9000900358,27,Salaried,44707,31,739,104910,7162,1,2,0,2,6458,Monthly,89,95.0,Responded,8098,14,0.0991,LOW,LOW,0.4
CUSTOMER_0360,customer0360@example.com,+91-9000000359,32,Salaried,29519,33,569,161696,13668,2,8,2,10,128511,Monthly,58,43.0,Responded,14756,-10,0.2587,AT-RISK,AT-RISK,46.4
CUSTOMER_0361,customer0361@example.com,+91-9000600360,30,Self-Employed,12000,49,689,114048,3238,3,0,0,0,16273,Monthly,74,66.0,No Response,3457,9,0.0669,LOW,LOW,4.5
CUSTOMER_0362,customer0362@example.com,+91-9000500361,30,Self-Employed,14201,22,615,202855,12039,8,3,1,0,140250,Monthly,72,79.0,No Response,13012,12,0.2428,AT-RISK,AT-RISK,47.3
CUSTOMER_0363,customer0363@example.com,+91-9000600362,45,Freelancer,86205,45,758,20000,1000,6,4,0,14,6884,Monthly,74,69.0,No Response,907,-6,0.2066,AT-RISK,AT-RISK,28.0
CUSTOMER_0364,customer0364@example.com,+91-9000900363,32,Salaried,66984,26,609,328854,13533,8,5,3,0,106410,Monthly,57,42.0,No Response,12514,25,0.3382,HIGH,HIGH,68.3
CUSTOMER_0365,customer0365@example.com,+91-9000200364,29,Salaried,37777,6,683,77632,3402,3,12,0,0,39655,Monthly,70,79.0,Responded,3346,12,0.0855,LOW,LOW,6.7
CUSTOMER_0366,customer0366@example.com,+91-9000200365,35,Freelancer,61754,50,661,20000,1000,5,17,0,2,13470,Monthly,68,46.0,No Response,918,13,0.1453,LOW,LOW,30.2
CUSTOMER_0367,customer0367@example.com,+91-9000600366,35,Self-Employed,44501,51,595,195661,7458,3,20,1,3,75583,Monthly,62,66.0,No Response,8553,20,0.2568,AT-RISK,AT-RISK,41.4
CUSTOMER_0368,customer0368@example.com,+91-9000100367,24,Salaried,60952,36,666,122064,6739,2,2,1,3,36686,Bi-Weekly,75,74.0,No Response,7042,-5,0.1229,LOW,LOW,5.0
CUSTOMER_0369,customer0369@example.com,+91-9000000368,32,Salaried,19744,28,661,147256,4620,5,8,2,0,51173,Monthly,66,56.0,Responded,4720,5,0.2935,HIGH,HIGH,50.9
CUSTOMER_0370,customer0370@example.com,+91-9000800369,31,Business Owner,14038,24,672,165082,14440,3,2,2,0,97567,Monthly,79,90.0,No Response,15831,22,0.2496,AT-RISK,AT-RISK,23.7
CUSTOMER_0371,customer0371@example.com,+91-9000800370,33,Salaried,70321,21,675,204335,9151,3,1,0,27,102423,Monthly,74,84.0,Responded,10470,10,0.2422,AT-RISK,AT-RISK,26.8
CUSTOMER_0372,customer0372@example.com,+91-9000600371,41,Self-Employed,12000,41,635,319267,9249,5,3,1,4,75345,Monthly,78,61.0,Responded,10532,2,0.2215,AT-RISK,AT-RISK,40.2
CUSTOMER_0373,customer0373@example.com,+91-9000600372,36,Salaried,48584,28,694,91147,3680,1,0,0,0,12946,Monthly,97,100.0,Responded,4041,-12,0.0873,LOW,LOW,0.1
CUSTOMER_0374,customer0374@example.com,+91-9000200373,46,Salaried,41498,51,685,209347,6861,1,2,0,2,39187,Monthly,77,99.0,Responded,6821,28,0.0857,LOW,LOW,1.9
CUSTOMER_0375,customer0375@example.com,+91-9000900374,34,Self-Employed,36183,26,660,227337,8877,2,4,1,10,54273,Monthly,62,69.0,Responded,8135,25,0.1739,LOW,LOW,18.5
CUSTOMER_0376,customer0376@example.com,+91-9000100375,50,Salaried,59676,23,773,20000,1000,3,9,0,1,3196,Monthly,75,93.0,Responded,924,-1,0.0626,LOW,LOW,7.4
CUSTOMER_0377,customer0377@example.com,+91-9000600376,30,Salaried,32510,18,595,97339,2835,2,2,1,0,51323,Monthly,61,79.0,Responded,2552,7,0.1612,LOW,AT-RISK,30.3
CUSTOMER_0378,customer0378@example.com,+91-9000800377,28,Salaried,53531,17,671,57219,4033,7,15,0,24,7000,Monthly,56,53.0,Responded,3631,25,0.2227,AT-RISK,AT-RISK,42.1
CUSTOMER_0379,customer0379@example.com,+91-9000000378,39,Salaried,52374,35,724,180292,16257,2,1,0,8,50467,Monthly,87,77.0,Responded,18437,-10,0.1031,LOW,LOW,1.1
CUSTOMER_0380,customer0380@example.com,+91-9000300379,47,Self-Employed,84115,9,655,189848,9251,1,1,2,15,92261,Monthly,82,58.0,No Response,10469,27,0.1587,LOW,LOW,22.2
CUSTOMER_0381,customer0381@example.com,+91-9000500380,22,Business Owner,17154,14,589,225050,8317,4,8,1,0,68268,Monthly,49,42.0,Responded,8873,-9,0.1917,AT-RISK,HIGH,53.5
CUSTOMER_0382,customer0382@example.com,+91-9000600381,33,Business Owner,52941,48,722,115634,9022,1,3,0,0,8147,Monthly,91,81.0,Responded,9758,-1,0.0,LOW,LOW,0.8
CUSTOMER_0383,customer0383@example.com,+91-9000900382,29,Salaried,55622,14,689,139760,22825,3,0,1,7,13241,Monthly,67,72.0,Responded,23470,-7,0.1309,LOW,LOW,10.1
CUSTOMER_0384,customer0384@example.com,+91-9000600383,36,Salaried,36905,36,547,177916,10923,7,2,1,39,26638,Weekly,44,37.0,No Response,10480,14,0.3236,HIGH,CRITICAL,81.9
CUSTOMER_0385,customer0385@example.com,+91-9000900384,35,Salaried,23543,1,663,114502,3265,4,2,1,2,61968,Monthly,84,80.0,Responded,3684,28,0.1613,LOW,LOW,13.8
CUSTOMER_0386,customer0386@example.com,+91-9000100385,47,Freelancer,71727,47,706,214620,7993,4,2,1,0,102647,Monthly,79,67.0,Responded,7748,27,0.2071,AT-RISK,LOW,16.6
CUSTOMER_0387,customer0387@example.com,+91-9000300386,34,Business Owner,47959,9,604,81879,4538,8,11,1,0,7933,Monthly,76,76.0,No Response,4923,12,0.244,AT-RISK,AT-RISK,38.2
CUSTOMER_0388,customer0388@example.com,+91-9000400387,47,Business Owner,23356,15,658,95039,8069,3,4,0,10,28881,Monthly,92,83.0,Responded,7757,14,0.1613,LOW,LOW,5.5
CUSTOMER_0389,customer0389@example.com,+91-9000000388,32,Salaried,58669,37,672,154839,9281,2,0,1,6,32396,Weekly,79,64.0,No Response,10371,-8,0.1673,LOW,LOW,5.5
CUSTOMER_0390,customer0390@example.com,+91-9000000389,43,Salaried,87140,32,765,112916,10177,2,8,0,0,41576,Monthly,94,94.0,Responded,10816,19,0.1221,LOW,LOW,2.1
CUSTOMER_0391,customer0391@example.com,+91-9000900390,37,Salaried,42740,37,566,76498,8324,5,2,1,0,33887,Monthly,67,68.0,Responded,8829,19,0.179,LOW,AT-RISK,45.5
CUSTOMER_0392,customer0392@example.com,+91-9000200391,50,Salaried,37255,8,570,247570,7456,8,15,0,12,119401,Monthly,49,46.0,Responded,6891,10,0.2732,HIGH,HIGH,64.1
CUSTOMER_0393,customer0393@example.com,+91-9000900392,21,Salaried,75699,23,678,113716,3164,2,10,2,8,29440,Monthly,73,61.0,No Response,3179,14,0.1883,AT-RISK,AT-RISK,25.5
CUSTOMER_0394,customer0394@example.com,+91-9000200393,24,Freelancer,25901,17,553,101515,9293,5,29,1,21,15649,Monthly,61,69.0,Responded,9583,19,0.2717,HIGH,HIGH,64.6
CUSTOMER_0395,customer0395@example.com,+91-9000700394,51,Salaried,83889,12,709,134341,17593,1,3,2,10,67449,Monthly,80,59.0,No Response,17126,22,0.1617,LOW,LOW,10.0
CUSTOMER_0396,customer0396@example.com,+91-9000800395,28,Salaried,71098,37,820,78025,4909,1,3,1,1,43404,Monthly,98,55.0,Responded,5499,-5,0.0451,LOW,LOW,2.6
CUSTOMER_0397,customer0397@example.com,+91-9000000396,28,Salaried,32959,42,784,134305,6766,1,1,0,0,76596,Monthly,89,79.0,No Response,7506,4,0.0251,LOW,LOW,1.1
CUSTOMER_0398,customer0398@example.com,+91-9000100397,27,Freelancer,31890,21,592,140298,11552,5,9,2,17,12493,Monthly,79,37.0,No Response,11822,15,0.2784,HIGH,HIGH,61.1
CUSTOMER_0399,customer0399@example.com,+91-9000900398,45,Self-Employed,31343,44,593,138476,9205,6,6,1,94,93089,Monthly,48,43.0,No Response,9066,18,0.5274,CRITICAL,CRITICAL,93.3
CUSTOMER_0400,customer0400@example.com,+91-9000100399,23,Self-Employed,12561,16,621,117206,9745,2,3,0,25,62631,Monthly,52,77.0,Responded,10723,-4,0.1884,AT-RISK,AT-RISK,37.4
CUSTOMER_0401,customer0401@example.com,+91-9000300400,35,Freelancer,46894,45,558,262428,8978,5,17,3,36,206199,Monthly,59,77.0,Responded,8522,12,0.4418,CRITICAL,CRITICAL,80.9
CUSTOMER_0402,customer0402@example.com,+91-9000100401,32,Salaried,30939,35,676,183152,6689,6,0,0,0,38118,Monthly,69,56.0,No Response,6139,-13,0.1651,LOW,LOW,20.5
CUSTOMER_0403,customer0403@example.com,+91-9000600402,44,Self-Employed,48271,10,635,25085,1001,4,18,1,22,15398,Monthly,52,68.0,Responded,912,26,0.2573,AT-RISK,AT-RISK,43.0
CUSTOMER_0404,customer0404@example.com,+91-9000800403,29,Salaried,23602,55,722,216708,12301,4,10,0,15,15834,Monthly,89,68.0,Responded,11189,-11,0.1973,AT-RISK,AT-RISK,23.8
CUSTOMER_0405,customer0405@example.com,+91-9000600404,38,Salaried,73606,23,791,164679,4949,0,1,0,0,61009,Monthly,81,76.0,No Response,5058,-3,0.0371,LOW,LOW,1.0
CUSTOMER_0406,customer0406@example.com,+91-9000500405,24,Business Owner,65374,45,734,176635,5034,5,3,0,0,43981,Monthly,88,77.0,No Response,4851,-4,0.0318,LOW,LOW,6.6
CUSTOMER_0407,customer0407@example.com,+91-9000900406,55,Business Owner,35692,30,650,211791,18894,3,2,0,22,109373,Weekly,97,66.0,No Response,20265,-15,0.1538,LOW,LOW,22.5
CUSTOMER_0408,customer0408@example.com,+91-9000000407,32,Salaried,54681,32,678,155417,12246,4,30,2,3,95401,Monthly,67,69.0,No Response,13023,27,0.2717,HIGH,HIGH,47.5
CUSTOMER_0409,customer0409@example.com,+91-9000900408,35,Salaried,46698,38,678,215489,9898,1,0,2,0,65916,Monthly,68,66.0,Responded,10249,3,0.1514,LOW,LOW,13.1
CUSTOMER_0410,customer0410@example.com,+91-9000800409,49,Salaried,84073,41,764,103433,11837,5,2,0,0,33731,Monthly,100,94.0,Responded,11697,13,0.1027,LOW,LOW,7.0
CUSTOMER_0411,customer0411@example.com,+91-9000400410,29,Salaried,30534,24,745,196074,10269,3,4,0,1,19852,Monthly,84,95.0,No Response,11425,23,0.08,LOW,LOW,1.5
CUSTOMER_0412,customer0412@example.com,+91-9000400411,50,Salaried,45308,35,698,169149,7212,2,15,0,2,52794,Monthly,80,64.0,No Response,7770,26,0.1267,LOW,LOW,4.1
CUSTOMER_0413,customer0413@example.com,+91-9000500412,31,Salaried,29750,30,583,57600,2659,4,15,0,0,20170,Monthly,61,51.0,No Response,2573,9,0.2408,AT-RISK,AT-RISK,35.9
CUSTOMER_0414,customer0414@example.com,+91-9000800413,41,Salaried,46593,29,583,246309,15464,3,7,0,16,42290,Monthly,72,76.0,No Response,15857,0,0.1768,LOW,LOW,25.2
CUSTOMER_0415,customer0415@example.com,+91-9000700414,29,Business Owner,62997,26,777,129188,5800,4,0,0,4,71011,Monthly,83,76.0,No Response,5446,1,0.1842,AT-RISK,LOW,15.9
CUSTOMER_0416,customer0416@example.com,+91-9000700415,22,Salaried,39061,32,746,116460,3350,3,1,0,0,13416,Bi-Weekly,83,89.0,Responded,3290,12,0.1006,LOW,LOW,1.8
CUSTOMER_0417,customer0417@example.com,+91-9000700416,38,Salaried,41744,55,719,116886,9596,1,0,0,0,52188,Monthly,70,83.0,No Response,11028,23,0.0599,LOW,LOW,2.4
CUSTOMER_0418,customer0418@example.com,+91-9000000417,40,Salaried,67127,23,608,123805,4827,2,11,0,8,76649,Monthly,83,84.0,No Response,4614,27,0.1826,AT-RISK,AT-RISK,26.2
CUSTOMER_0419,customer0419@example.com,+91-9000000418,23,Business Owner,64954,41,659,196954,26972,6,12,0,0,150887,Monthly,56,60.0,Responded,28983,-11,0.1562,LOW,AT-RISK,42.1
CUSTOMER_0420,customer0420@example.com,+91-9000700419,32,Salaried,62258,20,697,69758,8727,0,5,1,0,34179,Monthly,96,65.0,Responded,8374,-15,0.0853,LOW,LOW,0.9
CUSTOMER_0421,customer0421@example.com,+91-9000400420,45,Salaried,42849,15,735,35350,1567,5,7,3,4,5969,Bi-Weekly,83,63.0,No Response,1777,-13,0.2427,AT-RISK,AT-RISK,29.3
CUSTOMER_0422,customer0422@example.com,+91-9000800421,40,Salaried,47010,76,810,64734,7076,2,2,1,5,32801,Monthly,77,72.0,Responded,6917,8,0.1255,LOW,LOW,2.9
CUSTOMER_0423,customer0423@example.com,+91-9000100422,31,Self-Employed,47914,31,516,223480,33503,2,1,3,9,63688,Monthly,60,62.0,No Response,33056,13,0.2831,HIGH,HIGH,54.9
CUSTOMER_0424,customer0424@example.com,+91-9000800423,29,Self-Employed,44620,32,613,166707,14957,9,3,1,0,133345,Monthly,75,75.0,Responded,15681,-1,0.3044,HIGH,HIGH,54.5
CUSTOMER_0425,customer0425@example.com,+91-9000700424,52,Business Owner,14549,33,574,271077,11813,3,1,2,5,161379,Weekly,56,79.0,No Response,12368,-12,0.2671,HIGH,HIGH,56.1
CUSTOMER_0426,customer0426@example.com,+91-9000800425,21,Freelancer,50669,43,567,174235,6429,5,12,0,12,118824,Monthly,69,68.0,Responded,6716,28,0.2664,HIGH,HIGH,57.3
CUSTOMER_0427,customer0427@example.com,+91-9000300426,34,Business Owner,32320,33,679,210969,17472,6,0,0,23,19229,Weekly,84,62.0,Responded,18228,-15,0.1839,AT-RISK,AT-RISK,35.7
CUSTOMER_0428,customer0428@example.com,+91-9000000427,21,Self-Employed,16642,34,566,124923,4795,4,13,0,69,69636,Monthly,60,68.0,Responded,4689,-1,0.391,CRITICAL,CRITICAL,85.9
CUSTOMER_0429,customer0429@example.com,+91-9000000428,46,Salaried,16087,13,699,118985,10369,1,6,0,0,68437,Monthly,72,76.0,Responded,10458,8,0.0844,LOW,LOW,2.7
CUSTOMER_0430,customer0430@example.com,+91-9000400429,34,Salaried,41397,40,604,164818,6753,1,4,0,0,109157,Weekly,85,55.0,Responded,7079,15,0.1544,LOW,LOW,15.4
CUSTOMER_0431,customer0431@example.com,+91-9000100430,36,Freelancer,22644,21,562,178012,9696,5,1,1,2,13611,Monthly,46,61.0,Responded,10353,4,0.2173,AT-RISK,HIGH,49.8
CUSTOMER_0432,customer0432@example.com,+91-9000700431,59,Salaried,12000,39,747,117131,4572,2,1,0,0,64208,Weekly,95,78.0,No Response,4404,-6,0.0844,LOW,LOW,1.9
CUSTOMER_0433,customer0433@example.com,+91-9000900432,29,Salaried,35853,3,534,100170,2794,6,3,3,0,8129,Monthly,61,35.0,No Response,3004,-5,0.3133,HIGH,HIGH,65.4
CUSTOMER_0434,customer0434@example.com,+91-9000400433,50,Self-Employed,35101,34,608,35329,1034,6,9,1,0,17963,Weekly,70,50.0,No Response,1169,2,0.2626,AT-RISK,AT-RISK,41.0
CUSTOMER_0435,customer0435@example.com,+91-9000400434,31,Salaried,41319,1,685,222814,36357,8,0,2,10,125528,Monthly,59,62.0,No Response,39610,18,0.3086,HIGH,HIGH,52.5
CUSTOMER_0436,customer0436@example.com,+91-9000100435,32,Self-Employed,37155,24,691,185209,5687,3,8,1,0,19262,Monthly,71,73.0,No Response,5238,12,0.157,LOW,LOW,8.0
CUSTOMER_0437,customer0437@example.com,+91-9000600436,58,Self-Employed,85790,4,640,102186,12781,3,7,0,0,6857,Bi-Weekly,83,61.0,Responded,13001,22,0.0413,LOW,LOW,17.6
CUSTOMER_0438,customer0438@example.com,+91-9000700437,33,Salaried,57509,36,706,184208,5325,4,1,1,1,103985,Monthly,73,79.0,Responded,5371,0,0.1502,LOW,LOW,13.1
CUSTOMER_0439,customer0439@example.com,+91-9000900438,22,Business Owner,38144,28,646,141901,9816,3,7,0,0,42074,Monthly,73,76.0,Responded,9660,8,0.089,LOW,LOW,9.0
CUSTOMER_0440,customer0440@example.com,+91-9000000439,37,Salaried,48195,17,710,229518,13144,3,5,1,2,23993,Monthly,85,56.0,No Response,13444,23,0.1257,LOW,LOW,6.2
CUSTOMER_0441,customer0441@example.com,+91-9000100440,33,Salaried,63767,43,576,62607,7155,5,13,2,81,42116,Monthly,46,88.0,No Response,7225,-4,0.4379,CRITICAL,CRITICAL,89.4
CUSTOMER_0442,customer0442@example.com,+91-9000900441,38,Salaried,75567,16,836,119288,12733,0,0,0,0,56049,Weekly,100,69.0,Responded,11479,26,0.0,LOW,LOW,0.9
CUSTOMER_0443,customer0443@example.com,+91-9000300442,33,Self-Employed,20882,1,667,140110,5039,3,1,0,2,61262,Monthly,76,64.0,Responded,4833,-9,0.0966,LOW,LOW,8.5
CUSTOMER_0444,customer0444@example.com,+91-9000400443,54,Business Owner,32069,36,706,146555,4269,1,0,0,7,18158,Monthly,94,84.0,Responded,4070,20,0.0892,LOW,LOW,0.4
CUSTOMER_0445,customer0445@example.com,+91-9000100444,40,Salaried,27523,2,556,326692,13431,4,4,0,45,20162,Monthly,61,49.0,Responded,13260,1,0.2177,AT-RISK,AT-RISK,60.8
CUSTOMER_0446,customer0446@example.com,+91-9000000445,25,Self-Employed,36531,15,589,157524,5733,5,12,0,5,88655,Monthly,72,81.0,Responded,5409,-12,0.1798,LOW,AT-RISK,33.5
CUSTOMER_0447,customer0447@example.com,+91-9000800446,36,Salaried,37270,20,688,205552,7122,1,7,0,7,80297,Monthly,69,70.0,No Response,6530,21,0.1252,LOW,LOW,4.1
CUSTOMER_0448,customer0448@example.com,+91-9000000447,27,Freelancer,50944,8,776,133922,9645,2,11,0,0,58211,Monthly,92,64.0,Responded,9154,17,0.1177,LOW,LOW,4.1
CUSTOMER_0449,customer0449@example.com,+91-9000300448,32,Salaried,59541,20,699,247719,33671,7,0,2,14,152215,Monthly,74,74.0,No Response,37494,3,0.2683,HIGH,HIGH,54.2
CUSTOMER_0450,customer0450@example.com,+91-9000100449,26,Self-Employed,69245,8,794,195723,32317,0,0,0,20,57827,Monthly,80,41.0,No Response,35524,10,0.1209,LOW,LOW,15.4
CUSTOMER_0451,customer0451@example.com,+91-9000300450,53,Salaried,39740,29,668,135384,8195,0,8,0,7,17644,Bi-Weekly,70,72.0,No Response,8281,-5,0.0141,LOW,LOW,3.9
CUSTOMER_0452,customer0452@example.com,+91-9000700451,28,Salaried,13488,9,563,150657,11375,7,3,1,14,128928,Monthly,57,68.0,Responded,12733,15,0.3065,HIGH,HIGH,60.8
CUSTOMER_0453,customer0453@example.com,+91-9000700452,41,Salaried,23295,25,536,230411,29278,4,4,0,2,116455,Monthly,58,27.0,No Response,28053,-15,0.215,AT-RISK,AT-RISK,47.3
CUSTOMER_0454,customer0454@example.com,+91-9000800453,32,Business Owner,40419,45,734,95194,8360,4,3,1,2,38241,Monthly,89,72.0,Responded,8744,24,0.1163,LOW,LOW,7.8
CUSTOMER_0455,customer0455@example.com,+91-9000400454,24,Salaried,20157,34,570,201863,20735,2,1,0,17,166480,Bi-Weekly,70,35.0,No Response,19402,20,0.1647,LOW,LOW,43.0
CUSTOMER_0456,customer0456@example.com,+91-9000600455,36,Freelancer,76129,27,769,112383,3360,1,3,2,0,63328,Monthly,79,79.0,Responded,3724,13,0.1349,LOW,LOW,4.3
CUSTOMER_0457,customer0457@example.com,+91-9000200456,38,Salaried,25753,14,654,178209,17457,1,2,0,0,72523,Monthly,85,99.0,Responded,16281,9,0.0931,LOW,LOW,4.0
CUSTOMER_0458,customer0458@example.com,+91-9000900457,40,Salaried,63407,30,724,130822,5911,2,4,0,1,27962,Monthly,83,79.0,Responded,5366,2,0.0634,LOW,LOW,0.8
CUSTOMER_0459,customer0459@example.com,+91-9000300458,21,Salaried,17640,19,709,85175,3579,1,4,0,0,47997,Monthly,100,80.0,Responded,3465,-13,0.0595,LOW,LOW,0.3
CUSTOMER_0460,customer0460@example.com,+91-9000900459,23,Business Owner,54873,28,632,266055,11928,1,1,0,1,149532,Monthly,78,28.0,No Response,13421,2,0.1089,LOW,LOW,20.6
CUSTOMER_0461,customer0461@example.com,+91-9000800460,43,Salaried,39722,3,624,197970,22066,3,24,2,1,73063,Monthly,63,45.0,Responded,20573,-9,0.284,HIGH,AT-RISK,47.3
CUSTOMER_0462,customer0462@example.com,+91-9000900461,26,Business Owner,68002,36,548,170901,10980,4,6,2,3,82817,Monthly,67,58.0,No Response,10789,12,0.2734,HIGH,HIGH,58.5
CUSTOMER_0463,customer0463@example.com,+91-9000900462,36,Freelancer,24944,27,602,197265,26169,2,18,1,15,66854,Monthly,80,67.0,Responded,25622,1,0.2212,AT-RISK,AT-RISK,35.3
CUSTOMER_0464,customer0464@example.com,+91-9000000463,23,Freelancer,34597,56,592,27379,1532,6,1,2,11,19015,Weekly,76,68.0,Responded,1685,9,0.3159,HIGH,HIGH,57.2
CUSTOMER_0465,customer0465@example.com,+91-9000100464,41,Salaried,32600,40,542,392036,33628,6,10,2,45,185041,Monthly,62,60.0,No Response,33808,2,0.4544,CRITICAL,CRITICAL,88.5
CUSTOMER_0466,customer0466@example.com,+91-9000400465,43,Self-Employed,44466,35,625,157949,6912,6,3,0,0,94129,Weekly,73,58.0,Responded,7277,24,0.2309,AT-RISK,AT-RISK,36.8
CUSTOMER_0467,customer0467@example.com,+91-9000200466,41,Business Owner,39602,25,703,20000,1000,1,10,0,31,12685,Monthly,67,67.0,Responded,1001,27,0.2109,AT-RISK,AT-RISK,31.1
CUSTOMER_0468,customer0468@example.com,+91-9000100467,44,Salaried,43296,17,723,234030,10655,3,4,0,7,128640,Monthly,72,68.0,No Response,11058,-13,0.1494,LOW,LOW,13.7
CUSTOMER_0469,customer0469@example.com,+91-9000000468,49,Self-Employed,34973,37,601,114124,5997,5,6,2,8,73350,Monthly,56,44.0,No Response,5490,9,0.236,AT-RISK,HIGH,59.4
CUSTOMER_0470,customer0470@example.com,+91-9000900469,24,Salaried,12000,22,548,267680,15191,3,21,1,0,191961,Weekly,61,49.0,Responded,15092,-9,0.2088,AT-RISK,HIGH,62.0
CUSTOMER_0471,customer0471@example.com,+91-9000200470,27,Salaried,63960,42,697,172097,5506,1,3,0,0,54474,Monthly,70,73.0,No Response,6132,-6,0.1129,LOW,LOW,1.4
CUSTOMER_0472,customer0472@example.com,+91-9000000471,43,Salaried,100764,32,692,33822,2688,4,1,0,36,4009,Bi-Weekly,78,38.0,Responded,2883,28,0.1696,LOW,LOW,26.0
CUSTOMER_0473,customer0473@example.com,+91-9000000472,45,Salaried,52295,32,641,179218,6394,1,6,0,1,111309,Monthly,78,46.0,Responded,7324,28,0.2221,AT-RISK,AT-RISK,21.1
CUSTOMER_0474,customer0474@example.com,+91-9000000473,28,Salaried,25103,35,601,176478,6143,5,6,1,2,69267,Monthly,71,100.0,Responded,6738,3,0.1922,AT-RISK,AT-RISK,40.2
CUSTOMER_0475,customer0475@example.com,+91-9000700474,28,Salaried,31149,15,751,210073,11308,1,1,0,0,21523,Bi-Weekly,93,73.0,Responded,11453,-1,0.0199,LOW,LOW,1.1
CUSTOMER_0476,customer0476@example.com,+91-9000200475,29,Self-Employed,55380,12,618,211033,14145,5,5,1,23,27111,Weekly,74,81.0,No Response,15121,5,0.2699,HIGH,HIGH,57.2
CUSTOMER_0477,customer0477@example.com,+91-9000000476,21,Salaried,45422,11,548,71284,3543,7,33,3,5,13189,Monthly,48,52.0,Responded,3875,5,0.3962,CRITICAL,CRITICAL,77.3
CUSTOMER_0478,customer0478@example.com,+91-9000600477,23,Salaried,44633,43,691,216499,24612,1,5,0,0,107015,Monthly,90,68.0,No Response,23810,21,0.1517,LOW,LOW,1.4
CUSTOMER_0479,customer0479@example.com,+91-9000900478,23,Salaried,59998,14,682,127616,17297,2,0,1,4,68999,Monthly,67,75.0,No Response,15826,12,0.1425,LOW,LOW,11.8
CUSTOMER_0480,customer0480@example.com,+91-9000200479,32,Self-Employed,12000,16,571,296556,31723,4,1,2,4,54066,Monthly,84,68.0,No Response,31769,29,0.2568,AT-RISK,AT-RISK,42.6
CUSTOMER_0481,customer0481@example.com,+91-9000700480,37,Self-Employed,62256,35,730,126812,10918,1,21,0,2,76397,Monthly,78,68.0,Responded,10221,16,0.1151,LOW,LOW,5.0
CUSTOMER_0482,customer0482@example.com,+91-9000300481,38,Self-Employed,45310,22,626,160543,7599,4,12,1,12,43944,Monthly,60,57.0,No Response,7365,25,0.2463,AT-RISK,AT-RISK,40.0
CUSTOMER_0483,customer0483@example.com,+91-9000300482,30,Self-Employed,29076,22,695,89647,2848,6,13,1,14,49963,Monthly,63,76.0,No Response,3237,11,0.2448,AT-RISK,AT-RISK,34.9
CUSTOMER_0484,customer0484@example.com,+91-9000400483,30,Salaried,18520,20,614,128767,9852,2,3,0,27,53651,Monthly,70,53.0,Responded,10953,7,0.2451,AT-RISK,AT-RISK,35.4
CUSTOMER_0485,customer0485@example.com,+91-9000500484,36,Business Owner,48593,1,698,98960,2905,3,9,1,18,54537,Weekly,73,61.0,No Response,3044,-6,0.2697,HIGH,HIGH,43.2
CUSTOMER_0486,customer0486@example.com,+91-9000600485,21,Salaried,82126,15,744,215412,6217,1,4,1,0,53393,Monthly,90,68.0,Responded,6218,24,0.0627,LOW,LOW,2.0
CUSTOMER_0487,customer0487@example.com,+91-9000300486,43,Salaried,45448,45,701,48663,1399,1,1,1,9,12207,Monthly,81,60.0,No Response,1351,25,0.1561,LOW,LOW,7.2
CUSTOMER_0488,customer0488@example.com,+91-9000700487,46,Self-Employed,30100,19,691,228006,7325,3,5,0,0,146057,Weekly,76,88.0,Responded,7638,-10,0.1213,LOW,LOW,12.1
CUSTOMER_0489,customer0489@example.com,+91-9000500488,29,Salaried,53547,1,780,207414,12262,8,4,0,0,12177,Monthly,88,63.0,Responded,12670,8,0.192,AT-RISK,AT-RISK,24.0
CUSTOMER_0490,customer0490@example.com,+91-9000000489,31,Self-Employed,80580,13,630,268346,32803,1,4,0,35,191721,Monthly,77,80.0,No Response,35925,2,0.2741,HIGH,AT-RISK,46.1
CUSTOMER_0491,customer0491@example.com,+91-9000000490,46,Self-Employed,54408,32,676,163257,7078,4,11,1,19,80334,Monthly,83,63.0,Responded,8012,-6,0.1999,AT-RISK,AT-RISK,34.1
CUSTOMER_0492,customer0492@example.com,+91-9000800491,33,Salaried,60619,33,670,71139,3125,2,8,1,2,21710,Monthly,76,81.0,No Response,3069,-1,0.1053,LOW,LOW,5.7
CUSTOMER_0493,customer0493@example.com,+91-9000900492,40,Salaried,76841,24,750,127378,4043,2,7,0,7,51054,Monthly,81,78.0,Responded,3847,29,0.0942,LOW,LOW,3.0
CUSTOMER_0494,customer0494@example.com,+91-9000500493,34,Salaried,53654,17,616,213779,5958,2,12,1,66,28088,Monthly,73,43.0,No Response,5962,27,0.3492,CRITICAL,CRITICAL,85.0
CUSTOMER_0495,customer0495@example.com,+91-9000900494,49,Freelancer,36736,8,800,137782,6485,1,1,1,0,42943,Monthly,96,82.0,Responded,6545,18,0.0878,LOW,LOW,0.7
CUSTOMER_0496,customer0496@example.com,+91-9000700495,39,Self-Employed,14330,32,671,184302,11268,4,2,2,7,129650,Monthly,79,77.0,Responded,10253,-8,0.2261,AT-RISK,AT-RISK,30.5
CUSTOMER_0497,customer0497@example.com,+91-9000600496,39,Salaried,28329,37,641,278934,24093,5,13,0,18,59811,Weekly,58,53.0,No Response,26873,19,0.2552,AT-RISK,AT-RISK,47.9
CUSTOMER_0498,customer0498@example.com,+91-9000500497,40,Salaried,23481,42,658,228204,37142,5,6,2,2,140761,Monthly,52,87.0,Responded,42672,11,0.2593,AT-RISK,AT-RISK,48.6
CUSTOMER_0499,customer0499@example.com,+91-9000300498,30,Self-Employed,59655,12,646,172146,8092,1,1,0,0,57686,Monthly,73,79.0,Responded,9150,9,0.1018,LOW,LOW,5.5
CUSTOMER_0500,customer0500@example.com,+91-9000600499,30,Business Owner,50629,41,574,20000,1000,3,7,0,33,12372,Monthly,38,61.0,No Response,1115,-13,0.2583,AT-RISK,AT-RISK,49.2
CUSTOMER_0501,customer0501@example.com,+91-9000800500,41,Salaried,55577,28,715,83947,2730,2,0,0,0,12760,Monthly,89,89.0,Responded,3134,5,0.0865,LOW,LOW,0.5
CUSTOMER_0502,customer0502@example.com,+91-9000900501,36,Salaried,23136,27,710,125643,5944,3,7,0,0,45461,Monthly,73,40.0,No Response,6698,23,0.1715,LOW,LOW,6.1
CUSTOMER_0503,customer0503@example.com,+91-9000900502,24,Business Owner,82815,40,749,20000,1000,4,2,1,0,13609,Monthly,70,80.0,Responded,1072,16,0.1054,LOW,LOW,13.0
CUSTOMER_0504,customer0504@example.com,+91-9000600503,51,Salaried,43753,21,736,60501,2435,2,1,0,0,8674,Monthly,84,69.0,Responded,2293,5,0.0996,LOW,LOW,1.1
CUSTOMER_0505,customer0505@example.com,+91-9000000504,43,Salaried,56588,1,573,141101,4521,1,22,1,46,70017,Monthly,71,75.0,Responded,4245,-7,0.2644,HIGH,HIGH,65.4
CUSTOMER_0506,customer0506@example.com,+91-9000900505,35,Freelancer,47353,36,637,151188,14469,2,10,2,12,66687,Monthly,61,64.0,No Response,13198,-15,0.2171,AT-RISK,AT-RISK,36.2
CUSTOMER_0507,customer0507@example.com,+91-9000800506,32,Self-Employed,54958,33,806,178901,5650,1,6,1,1,67245,Monthly,79,63.0,Responded,5666,-12,0.0966,LOW,LOW,3.9
CUSTOMER_0508,customer0508@example.com,+91-9000300507,36,Salaried,56044,22,630,145961,5559,3,6,0,47,70034,Bi-Weekly,69,51.0,No Response,6127,-12,0.244,AT-RISK,AT-RISK,56.7
CUSTOMER_0509,customer0509@example.com,+91-9000200508,39,Salaried,38363,38,816,149728,13480,3,5,0,3,46179,Monthly,87,65.0,No Response,13784,10,0.0511,LOW,LOW,1.8
CUSTOMER_0510,customer0510@example.com,+91-9000300509,21,Salaried,67190,37,608,133414,11409,8,11,0,9,7528,Monthly,65,58.0,Responded,11312,18,0.2293,AT-RISK,AT-RISK,43.2
CUSTOMER_0511,customer0511@example.com,+91-9000300510,54,Salaried,18527,6,693,147410,4361,1,4,0,14,86402,Monthly,93,62.0,No Response,4043,11,0.1284,LOW,LOW,7.6
CUSTOMER_0512,customer0512@example.com,+91-9000900511,27,Business Owner,21039,24,544,245894,35296,5,40,2,13,200664,Monthly,54,45.0,No Response,32223,-1,0.3901,CRITICAL,CRITICAL,86.4
CUSTOMER_0513,customer0513@example.com,+91-9000100512,34,Salaried,76334,1,738,250685,12612,2,0,1,0,35701,Monthly,77,78.0,Responded,12609,29,0.1558,LOW,LOW,8.0
CUSTOMER_0514,customer0514@example.com,+91-9000000513,35,Self-Employed,57454,25,692,118414,7687,1,19,0,0,38810,Monthly,65,47.0,Responded,7110,16,0.1148,LOW,LOW,10.3
CUSTOMER_0515,customer0515@example.com,+91-9000900514,52,Freelancer,89217,21,631,180339,6948,3,4,0,15,111063,Monthly,64,54.0,No Response,6433,25,0.1942,AT-RISK,AT-RISK,33.2
CUSTOMER_0516,customer0516@example.com,+91-9000000515,34,Salaried,51033,35,742,210752,6757,2,3,0,2,136885,Weekly,91,67.0,No Response,6749,-9,0.1165,LOW,LOW,6.0
CUSTOMER_0517,customer0517@example.com,+91-9000700516,49,Salaried,71981,12,645,48684,2895,3,1,0,17,38010,Weekly,47,69.0,No Response,2969,28,0.1758,LOW,LOW,25.4
CUSTOMER_0518,customer0518@example.com,+91-9000100517,38,Salaried,12072,21,709,314860,16741,4,4,1,11,206246,Monthly,75,69.0,Responded,15848,28,0.2471,AT-RISK,AT-RISK,35.9
CUSTOMER_0519,customer0519@example.com,+91-9000900518,26,Freelancer,22789,1,722,216271,6099,1,3,0,0,26560,Bi-Weekly,86,81.0,Responded,6532,-2,0.0508,LOW,LOW,1.5
CUSTOMER_0520,customer0520@example.com,+91-9000400519,36,Business Owner,71516,37,783,20000,1000,0,19,0,0,10915,Monthly,98,75.0,No Response,1004,7,0.0172,LOW,LOW,4.8
CUSTOMER_0521,customer0521@example.com,+91-9000300520,33,Salaried,12753,24,581,210064,6381,5,33,0,12,155912,Monthly,69,50.0,Responded,5889,-15,0.2862,HIGH,HIGH,60.9
CUSTOMER_0522,customer0522@example.com,+91-9000700521,25,Self-Employed,42452,28,651,115552,6029,5,23,0,0,35386,Monthly,60,66.0,No Response,6386,16,0.2095,AT-RISK,AT-RISK,33.8
CUSTOMER_0523,customer0523@example.com,+91-9000100522,38,Self-Employed,69085,6,664,125839,9663,4,2,0,8,38850,Monthly,84,86.0,Responded,9558,25,0.1524,LOW,LOW,8.3
CUSTOMER_0524,customer0524@example.com,+91-9000900523,35,Freelancer,55558,32,624,188327,10259,6,32,1,7,68253,Weekly,54,50.0,No Response,9367,10,0.2682,HIGH,HIGH,58.8
CUSTOMER_0525,customer0525@example.com,+91-9000800524,40,Salaried,52385,53,679,209221,7612,0,2,1,0,85503,Bi-Weekly,92,92.0,No Response,8654,-7,0.1072,LOW,LOW,3.4
CUSTOMER_0526,customer0526@example.com,+91-9000600525,36,Salaried,39977,25,736,115534,12445,5,10,0,0,23844,Bi-Weekly,84,52.0,Responded,12977,0,0.1576,LOW,LOW,10.9
CUSTOMER_0527,customer0527@example.com,+91-9000600526,29,Business Owner,51639,36,655,119451,8463,5,1,1,8,6508,Monthly,90,74.0,Responded,8627,15,0.1859,AT-RISK,AT-RISK,26.6
CUSTOMER_0528,customer0528@example.com,+91-9000000527,41,Salaried,44373,13,508,237719,32128,6,8,0,48,43752,Monthly,48,59.0,No Response,35815,-14,0.321,HIGH,HIGH,76.7
CUSTOMER_0529,customer0529@example.com,+91-9000100528,29,Salaried,35391,26,659,196833,10375,1,19,1,65,64727,Monthly,72,55.0,Responded,11767,16,0.3124,HIGH,HIGH,61.3
CUSTOMER_0530,customer0530@example.com,+91-9000300529,21,Salaried,55449,6,678,75667,2454,0,16,0,15,16906,Monthly,69,75.0,Responded,2343,-6,0.1777,LOW,LOW,11.5
CUSTOMER_0531,customer0531@example.com,+91-9000300530,36,Salaried,67832,38,657,290237,43062,1,7,1,6,161219,Monthly,87,69.0,No Response,47477,9,0.1396,LOW,LOW,14.6
CUSTOMER_0532,customer0532@example.com,+91-9000200531,30,Salaried,43285,29,721,105413,4014,3,9,0,0,11723,Monthly,89,84.0,Responded,4446,2,0.1342,LOW,LOW,1.5
CUSTOMER_0533,customer0533@example.com,+91-9000600532,38,Freelancer,48590,10,652,231592,6816,2,1,0,10,152972,Monthly,71,50.0,Responded,6227,29,0.0972,LOW,LOW,14.3
CUSTOMER_0534,customer0534@example.com,+91-9000700533,52,Salaried,51670,15,678,210817,16083,6,10,1,47,153537,Monthly,65,50.0,No Response,17337,18,0.3396,HIGH,HIGH,66.9
CUSTOMER_0535,customer0535@example.com,+91-9000100534,53,Salaried,59654,28,735,195543,7293,4,5,0,0,121565,Monthly,90,74.0,No Response,6678,13,0.1254,LOW,LOW,8.8
CUSTOMER_0536,customer0536@example.com,+91-9000300535,33,Self-Employed,54727,36,562,125878,3570,8,0,2,4,82794,Monthly,64,64.0,Responded,3743,29,0.3379,HIGH,HIGH,63.1
CUSTOMER_0537,customer0537@example.com,+91-9000200536,27,Salaried,28908,48,703,20842,1000,4,0,1,0,2237,Bi-Weekly,77,73.0,No Response,1067,8,0.1937,AT-RISK,AT-RISK,20.8
CUSTOMER_0538,customer0538@example.com,+91-9000100537,40,Salaried,34009,24,634,170748,13086,5,0,0,21,65059,Monthly,58,67.0,No Response,12978,-13,0.2548,AT-RISK,AT-RISK,40.5
CUSTOMER_0539,customer0539@example.com,+91-9000500538,31,Self-Employed,34528,8,643,171686,19055,7,11,2,6,25146,Monthly,57,54.0,No Response,21345,-1,0.2983,HIGH,HIGH,59.3
CUSTOMER_0540,customer0540@example.com,+91-9000300539,38,Business Owner,31450,31,733,77386,7406,5,0,0,0,51358,Bi-Weekly,88,60.0,Responded,8147,-13,0.1581,LOW,LOW,7.3
CUSTOMER_0541,customer0541@example.com,+91-9000500540,29,Self-Employed,14354,54,733,205894,7608,2,2,1,9,47869,Weekly,82,94.0,Responded,8608,15,0.0969,LOW,LOW,5.4
CUSTOMER_0542,customer0542@example.com,+91-9000100541,37,Self-Employed,12000,4,498,191550,6897,3,5,1,20,110931,Monthly,45,55.0,No Response,6750,-6,0.3065,HIGH,HIGH,62.2
CUSTOMER_0543,customer0543@example.com,+91-9000300542,27,Salaried,72091,14,716,89596,3416,0,4,1,0,48423,Monthly,84,66.0,No Response,3092,22,0.0587,LOW,LOW,2.1
CUSTOMER_0544,customer0544@example.com,+91-9000500543,45,Freelancer,17127,35,637,212317,13201,2,8,1,3,149892,Monthly,70,45.0,No Response,14558,6,0.1711,LOW,LOW,30.3
CUSTOMER_0545,customer0545@example.com,+91-9000400544,29,Salaried,82099,30,619,187748,16924,0,5,0,0,92953,Weekly,86,90.0,Responded,16175,-2,0.1091,LOW,LOW,10.4
CUSTOMER_0546,customer0546@example.com,+91-9000200545,40,Business Owner,64767,20,724,93513,3992,0,3,1,0,42415,Bi-Weekly,79,90.0,Responded,4059,-7,0.0527,LOW,LOW,1.3
CUSTOMER_0547,customer0547@example.com,+91-9000700546,23,Salaried,35094,28,573,286928,13989,6,5,1,5,119502,Monthly,58,56.0,No Response,15448,2,0.3046,HIGH,HIGH,60.8
CUSTOMER_0548,customer0548@example.com,+91-9000600547,42,Freelancer,48801,36,544,399399,14333,3,5,0,16,226282,Monthly,48,69.0,No Response,13674,-8,0.2618,AT-RISK,AT-RISK,55.5
CUSTOMER_0549,customer0549@example.com,+91-9000200548,26,Self-Employed,51130,25,624,77520,4028,7,16,1,22,8948,Monthly,71,59.0,Responded,3939,22,0.2501,AT-RISK,HIGH,54.0
CUSTOMER_0550,customer0550@example.com,+91-9000500549,37,Business Owner,26901,25,630,139041,8604,4,2,1,8,86423,Monthly,78,68.0,No Response,8688,-1,0.2484,AT-RISK,AT-RISK,33.8
CUSTOMER_0551,customer0551@example.com,+91-9000300550,44,Salaried,44186,34,639,195632,13214,7,2,0,2,87025,Monthly,70,73.0,No Response,12790,-1,0.2008,AT-RISK,AT-RISK,34.4
CUSTOMER_0552,customer0552@example.com,+91-9000400551,33,Salaried,30167,24,694,314938,25513,1,6,0,2,19527,Monthly,73,60.0,Responded,25904,-10,0.0841,LOW,LOW,5.5
CUSTOMER_0553,customer0553@example.com,+91-9000400552,25,Self-Employed,57330,42,617,103540,7410,4,3,1,24,72641,Weekly,76,58.0,No Response,6686,-4,0.2358,AT-RISK,AT-RISK,45.2
CUSTOMER_0554,customer0554@example.com,+91-9000600553,39,Business Owner,36666,58,731,74386,8410,1,7,1,0,24005,Monthly,88,75.0,No Response,8015,26,0.0116,LOW,LOW,2.0
CUSTOMER_0555,customer0555@example.com,+91-9000400554,27,Salaried,49534,15,672,73561,4483,1,1,0,0,39920,Monthly,92,81.0,Responded,4967,3,0.112,LOW,LOW,0.7
CUSTOMER_0556,customer0556@example.com,+91-9000200555,31,Freelancer,41415,9,628,273361,38517,7,9,1,10,187949,Monthly,69,73.0,No Response,38646,24,0.3029,HIGH,HIGH,62.6
CUSTOMER_0557,customer0557@example.com,+91-9000900556,37,Business Owner,48389,32,674,103873,8960,4,0,1,10,63734,Monthly,74,71.0,No Response,9489,-11,0.195,AT-RISK,AT-RISK,24.0
CUSTOMER_0558,customer0558@example.com,+91-9000400557,47,Salaried,77344,9,672,91740,3229,7,3,0,0,7664,Monthly,58,88.0,Responded,3093,11,0.2033,AT-RISK,AT-RISK,28.4
CUSTOMER_0559,customer0559@example.com,+91-9000600558,35,Business Owner,44067,9,721,167851,10647,2,2,0,9,33108,Bi-Weekly,88,60.0,Responded,11312,-6,0.0931,LOW,LOW,4.1
CUSTOMER_0560,customer0560@example.com,+91-9000400559,35,Salaried,69048,1,702,184264,7074,4,11,0,10,119734,Monthly,62,85.0,Responded,8135,27,0.1636,LOW,LOW,21.2
CUSTOMER_0561,customer0561@example.com,+91-9000400560,41,Salaried,59916,23,711,222026,8071,3,15,1,16,130242,Monthly,91,64.0,Responded,8465,-2,0.1867,AT-RISK,AT-RISK,27.4
CUSTOMER_0562,customer0562@example.com,+91-9000800561,35,Salaried,84417,29,802,136475,5823,2,1,0,0,37717,Bi-Weekly,91,77.0,No Response,6155,18,0.0864,LOW,LOW,1.2
CUSTOMER_0563,customer0563@example.com,+91-9000200562,40,Self-Employed,39798,20,653,181296,5215,6,12,0,16,63679,Monthly,59,71.0,No Response,4838,-1,0.24,AT-RISK,AT-RISK,38.6
CUSTOMER_0564,customer0564@example.com,+91-9000500563,44,Self-Employed,65243,48,700,134127,20190,1,5,0,0,18697,Weekly,84,91.0,Responded,20207,13,0.104,LOW,LOW,1.0
CUSTOMER_0565,customer0565@example.com,+91-9000000564,32,Salaried,42638,43,609,59300,2105,4,27,1,11,45993,Weekly,54,57.0,No Response,2347,10,0.2971,HIGH,HIGH,53.3
CUSTOMER_0566,customer0566@example.com,+91-9000900565,21,Self-Employed,12000,48,574,168423,4844,7,17,2,16,38777,Weekly,64,58.0,No Response,5369,11,0.3582,CRITICAL,CRITICAL,80.1
CUSTOMER_0567,customer0567@example.com,+91-9000400566,27,Self-Employed,20409,24,557,206176,6469,11,0,1,12,47226,Monthly,42,43.0,Responded,6666,-13,0.3831,CRITICAL,HIGH,66.8
CUSTOMER_0568,customer0568@example.com,+91-9000700567,45,Self-Employed,56904,43,657,125072,11332,2,8,0,22,63124,Monthly,64,39.0,No Response,12758,-13,0.1602,LOW,LOW,25.2
CUSTOMER_0569,customer0569@example.com,+91-9000400568,34,Salaried,61010,32,695,31229,1975,4,3,0,0,5707,Weekly,89,75.0,No Response,1848,19,0.1286,LOW,LOW,3.7
CUSTOMER_0570,customer0570@example.com,+91-9000800569,31,Business Owner,22507,30,715,68600,6139,2,0,1,6,47197,Monthly,73,53.0,No Response,6535,19,0.1228,LOW,LOW,7.3
CUSTOMER_0571,customer0571@example.com,+91-9000500570,45,Salaried,52442,21,635,149720,6228,3,1,2,0,6861,Monthly,81,86.0,Responded,5992,-10,0.1381,LOW,LOW,17.0
CUSTOMER_0572,customer0572@example.com,+91-9000700571,34,Salaried,56908,1,651,228689,8356,7,15,0,12,9968,Bi-Weekly,74,85.0,Responded,8868,-2,0.2402,AT-RISK,AT-RISK,30.9
CUSTOMER_0573,customer0573@example.com,+91-9000900572,21,Salaried,41431,33,631,325882,21008,5,23,2,0,145301,Monthly,71,48.0,Responded,19366,10,0.3101,HIGH,HIGH,64.6
CUSTOMER_0574,customer0574@example.com,+91-9000700573,21,Salaried,63254,44,758,135900,6125,3,8,1,13,47590,Monthly,76,61.0,Responded,6957,-13,0.1603,LOW,LOW,12.5
CUSTOMER_0575,customer0575@example.com,+91-9000200574,38,Business Owner,59487,6,701,98249,3675,5,23,1,16,14397,Bi-Weekly,64,63.0,No Response,4029,17,0.2466,AT-RISK,AT-RISK,37.6
CUSTOMER_0576,customer0576@example.com,+91-9000600575,34,Salaried,50580,28,737,114352,6134,2,6,0,7,37334,Bi-Weekly,76,83.0,Responded,5828,26,0.1307,LOW,LOW,1.1
CUSTOMER_0577,customer0577@example.com,+91-9000600576,48,Self-Employed,37032,40,652,75912,2400,3,0,0,0,24750,Monthly,76,74.0,Responded,2542,-3,0.0955,LOW,LOW,6.3
CUSTOMER_0578,customer0578@example.com,+91-9000900577,28,Salaried,55496,20,580,262312,8999,3,3,1,21,212280,Monthly,49,94.0,No Response,9806,13,0.3114,HIGH,HIGH,62.4
CUSTOMER_0579,customer0579@example.com,+91-9000500578,32,Salaried,59492,45,718,299722,37748,3,0,2,0,12528,Monthly,93,71.0,Responded,35949,-7,0.117,LOW,LOW,10.9
CUSTOMER_0580,customer0580@example.com,+91-9000600579,27,Freelancer,18573,23,567,116996,4749,6,0,1,36,97100,Monthly,51,59.0,Responded,4384,16,0.3432,HIGH,HIGH,69.9
CUSTOMER_0581,customer0581@example.com,+91-9000100580,30,Business Owner,52677,20,677,61371,4699,4,1,1,9,27370,Monthly,86,94.0,Responded,4642,6,0.1343,LOW,LOW,8.7
CUSTOMER_0582,customer0582@example.com,+91-9000800581,21,Salaried,23063,42,580,261776,11519,2,6,0,11,42751,Monthly,60,63.0,Responded,10758,6,0.2069,AT-RISK,AT-RISK,35.6
CUSTOMER_0583,customer0583@example.com,+91-9000900582,31,Salaried,26717,13,621,198378,5715,2,15,1,20,15893,Monthly,76,48.0,No Response,5951,18,0.2259,AT-RISK,AT-RISK,44.1
CUSTOMER_0584,customer0584@example.com,+91-9000900583,34,Salaried,38121,18,738,162833,5030,2,7,0,0,56788,Monthly,90,82.0,Responded,5060,-6,0.1516,LOW,LOW,0.9
CUSTOMER_0585,customer0585@example.com,+91-9000000584,33,Salaried,44409,14,680,306188,16883,2,7,1,10,67994,Bi-Weekly,67,70.0,Responded,17146,9,0.1481,LOW,LOW,16.0
CUSTOMER_0586,customer0586@example.com,+91-9000000585,54,Business Owner,60534,12,726,42837,2905,3,8,0,0,8649,Monthly,94,76.0,No Response,3008,-4,0.1143,LOW,LOW,1.9
CUSTOMER_0587,customer0587@example.com,+91-9000200586,51,Business Owner,43648,31,734,41499,3184,4,2,0,13,7201,Monthly,97,88.0,No Response,3647,-13,0.1249,LOW,LOW,5.9
CUSTOMER_0588,customer0588@example.com,+91-9000200587,28,Salaried,41599,20,737,138495,6302,5,11,0,15,63428,Monthly,78,80.0,No Response,6920,3,0.1453,LOW,LOW,15.7
CUSTOMER_0589,customer0589@example.com,+91-9000000588,21,Freelancer,30823,30,616,196476,20840,5,6,0,30,104072,Bi-Weekly,38,46.0,No Response,22035,17,0.2847,HIGH,HIGH,65.9
CUSTOMER_0590,customer0590@example.com,+91-9000600589,34,Self-Employed,62393,3,644,139267,6195,6,2,1,43,14262,Monthly,76,81.0,Responded,6138,10,0.3096,HIGH,HIGH,57.4
CUSTOMER_0591,customer0591@example.com,+91-9000300590,38,Salaried,12000,12,718,314608,52087,0,10,1,0,109195,Monthly,83,67.0,No Response,47230,-3,0.1792,LOW,LOW,14.5
CUSTOMER_0592,customer0592@example.com,+91-9000900591,27,Salaried,46914,30,743,111354,7085,1,1,0,2,51296,Monthly,100,87.0,Responded,6582,-9,0.0458,LOW,LOW,0.1
CUSTOMER_0593,customer0593@example.com,+91-9000100592,27,Self-Employed,69825,45,551,125011,9923,6,5,2,4,13412,Monthly,60,54.0,No Response,10743,18,0.2822,HIGH,HIGH,62.2
CUSTOMER_0594,customer0594@example.com,+91-9000900593,49,Self-Employed,55445,32,622,171623,4884,4,2,1,15,114934,Weekly,68,46.0,No Response,4846,6,0.2454,AT-RISK,AT-RISK,45.1
CUSTOMER_0595,customer0595@example.com,+91-9000400594,32,Salaried,70162,19,667,236367,8497,3,7,0,14,104285,Weekly,79,72.0,Responded,8357,4,0.1713,LOW,LOW,12.7
CUSTOMER_0596,customer0596@example.com,+91-9000500595,40,Salaried,12000,6,643,103907,6301,4,37,1,0,74901,Monthly,77,89.0,No Response,7071,27,0.2358,AT-RISK,AT-RISK,34.9
CUSTOMER_0597,customer0597@example.com,+91-9000800596,26,Salaried,21083,17,620,164381,18710,4,0,0,6,26988,Monthly,65,58.0,No Response,19105,7,0.1808,LOW,LOW,21.9
CUSTOMER_0598,customer0598@example.com,+91-9000300597,34,Business Owner,57839,27,676,230331,10711,7,13,0,0,160468,Bi-Weekly,72,53.0,No Response,12048,-2,0.2317,AT-RISK,AT-RISK,35.4
CUSTOMER_0599,customer0599@example.com,+91-9000100598,31,Salaried,66781,1,564,275130,22181,1,0,1,120,156343,Weekly,50,60.0,Responded,24879,14,0.4617,CRITICAL,CRITICAL,85.9
CUSTOMER_0600,customer0600@example.com,+91-9000400599,28,Salaried,27590,11,733,158153,7158,3,1,0,0,59594,Monthly,78,66.0,Responded,6585,7,0.091,LOW,LOW,1.9
CUSTOMER_0601,customer0601@example.com,+91-9000200600,45,Business Owner,45000,18,843,293445,9447,4,0,0,0,92256,Monthly,78,94.0,Responded,10735,3,0.0595,LOW,LOW,11.5
CUSTOMER_0602,customer0602@example.com,+91-9000100601,22,Freelancer,47926,22,579,357902,14623,3,13,1,30,23807,Monthly,76,54.0,No Response,13442,23,0.2804,HIGH,HIGH,58.9
CUSTOMER_0603,customer0603@example.com,+91-9000000602,37,Freelancer,21201,27,724,42545,1700,4,0,0,0,25708,Monthly,75,54.0,Responded,1939,25,0.0984,LOW,LOW,8.2
CUSTOMER_0604,customer0604@example.com,+91-9000900603,31,Salaried,56512,18,695,24393,1097,1,5,2,5,11801,Monthly,71,74.0,Responded,1111,20,0.1901,AT-RISK,AT-RISK,19.0
CUSTOMER_0605,customer0605@example.com,+91-9000100604,38,Salaried,12000,31,556,257095,7602,3,3,1,18,32069,Bi-Weekly,62,58.0,Responded,8287,-10,0.2619,AT-RISK,AT-RISK,45.6
CUSTOMER_0606,customer0606@example.com,+91-9000500605,31,Salaried,63622,31,799,224203,6602,0,0,0,0,9835,Bi-Weekly,90,77.0,Responded,7107,7,0.0928,LOW,LOW,0.9
CUSTOMER_0607,customer0607@example.com,+91-9000700606,42,Salaried,27523,21,596,144178,6743,4,10,0,18,11231,Bi-Weekly,66,53.0,No Response,6942,-6,0.217,AT-RISK,AT-RISK,35.4
CUSTOMER_0608,customer0608@example.com,+91-9000200607,26,Freelancer,42632,38,723,103391,6814,2,0,1,0,39823,Monthly,85,100.0,No Response,7187,19,0.1278,LOW,LOW,2.2
CUSTOMER_0609,customer0609@example.com,+91-9000800608,45,Salaried,60087,35,667,91325,4615,3,1,2,0,41096,Monthly,71,64.0,Responded,5249,5,0.1987,AT-RISK,AT-RISK,24.1
CUSTOMER_0610,customer0610@example.com,+91-9000800609,34,Salaried,64363,8,779,53074,4576,1,0,0,0,15376,Monthly,91,94.0,Responded,5179,16,0.0496,LOW,LOW,0.7
CUSTOMER_0611,customer0611@example.com,+91-9000100610,23,Salaried,52277,28,675,213325,8502,1,2,0,0,44086,Monthly,91,74.0,Responded,9042,14,0.1126,LOW,LOW,0.8
CUSTOMER_0612,customer0612@example.com,+91-9000700611,41,Salaried,70133,41,765,116146,5530,0,4,0,14,41596,Weekly,75,84.0,Responded,5886,17,0.0848,LOW,LOW,5.5
CUSTOMER_0613,customer0613@example.com,+91-9000900612,33,Business Owner,17107,45,773,151922,16696,2,0,0,2,47450,Monthly,99,82.0,No Response,16057,-10,0.0839,LOW,LOW,1.5
CUSTOMER_0614,customer0614@example.com,+91-9000400613,21,Salaried,48702,31,681,20000,1676,2,2,1,7,1135,Bi-Weekly,70,65.0,No Response,1855,-11,0.1355,LOW,LOW,10.3
CUSTOMER_0615,customer0615@example.com,+91-9000300614,37,Salaried,31481,23,712,242025,11870,4,3,0,2,58158,Monthly,67,57.0,No Response,12560,-1,0.1019,LOW,LOW,13.3
CUSTOMER_0616,customer0616@example.com,+91-9000900615,44,Salaried,54454,30,544,240121,7359,5,4,0,6,22545,Monthly,53,60.0,No Response,8143,27,0.2268,AT-RISK,AT-RISK,47.7
CUSTOMER_0617,customer0617@example.com,+91-9000400616,46,Salaried,66261,40,650,45174,1964,2,7,1,0,24926,Monthly,96,95.0,No Response,2090,9,0.0454,LOW,LOW,6.4
CUSTOMER_0618,customer0618@example.com,+91-9000300617,31,Salaried,63212,29,737,168812,6383,2,8,2,3,84605,Monthly,86,60.0,Responded,6222,-3,0.1875,AT-RISK,AT-RISK,20.0
CUSTOMER_0619,customer0619@example.com,+91-9000700618,36,Self-Employed,85351,32,721,140179,8668,1,3,0,5,86700,Monthly,87,67.0,Responded,8211,-10,0.1279,LOW,LOW,2.8
CUSTOMER_0620,customer0620@example.com,+91-9000300619,35,Self-Employed,70733,24,654,116618,5039,3,2,0,0,27150,Monthly,74,100.0,Responded,4632,21,0.1365,LOW,LOW,5.9
CUSTOMER_0621,customer0621@example.com,+91-9000900620,48,Self-Employed,34904,8,554,20000,1029,9,14,0,3,16759,Monthly,54,37.0,No Response,1076,-14,0.2478,AT-RISK,HIGH,57.2
CUSTOMER_0622,customer0622@example.com,+91-9000500621,27,Freelancer,42681,23,696,116748,4529,9,16,1,9,59969,Weekly,63,53.0,Responded,4397,1,0.34,HIGH,HIGH,50.3
CUSTOMER_0623,customer0623@example.com,+91-9000100622,30,Freelancer,62914,18,717,164395,21868,2,3,0,0,50712,Bi-Weekly,98,93.0,Responded,23128,8,0.1365,LOW,LOW,1.2
CUSTOMER_0624,customer0624@example.com,+91-9000400623,27,Freelancer,55641,19,782,97803,4702,1,4,0,0,15365,Weekly,89,97.0,Responded,4300,-4,0.0692,LOW,LOW,0.7
CUSTOMER_0625,customer0625@example.com,+91-9000500624,21,Salaried,69528,51,734,114717,7709,2,3,0,0,48162,Bi-Weekly,100,54.0,Responded,7662,28,0.1318,LOW,LOW,1.3
CUSTOMER_0626,customer0626@example.com,+91-9000400625,37,Salaried,12000,39,581,289778,18357,6,6,1,7,203409,Bi-Weekly,70,73.0,Responded,17717,-2,0.3527,CRITICAL,CRITICAL,78.1
CUSTOMER_0627,customer0627@example.com,+91-9000100626,49,Salaried,88709,4,751,137636,3951,3,1,1,0,24479,Monthly,75,73.0,Responded,3921,-9,0.1045,LOW,LOW,4.0
CUSTOMER_0628,customer0628@example.com,+91-9000600627,33,Business Owner,35549,10,518,20000,1742,6,17,0,70,4446,Monthly,69,42.0,Responded,1591,10,0.3542,CRITICAL,CRITICAL,90.3
CUSTOMER_0629,customer0629@example.com,+91-9000300628,27,Freelancer,16470,22,652,143142,9332,6,1,2,0,74007,Monthly,62,82.0,No Response,10088,16,0.2677,HIGH,HIGH,51.4
CUSTOMER_0630,customer0630@example.com,+91-9000700629,36,Business Owner,31913,19,774,151645,7120,0,6,0,11,96086,Bi-Weekly,67,71.0,No Response,6615,13,0.0087,LOW,LOW,7.1
CUSTOMER_0631,customer0631@example.com,+91-9000600630,40,Salaried,12000,33,687,79123,2481,1,5,0,0,35710,Monthly,72,74.0,Responded,2241,23,0.083,LOW,LOW,2.9
CUSTOMER_0632,customer0632@example.com,+91-9000600631,33,Freelancer,23295,9,547,245799,13286,5,16,0,41,68048,Monthly,82,53.0,Responded,15100,-7,0.2805,HIGH,HIGH,64.7
CUSTOMER_0633,customer0633@example.com,+91-9000800632,47,Salaried,46752,41,686,39610,1398,3,3,1,7,11898,Weekly,98,69.0,No Response,1325,-2,0.1338,LOW,LOW,4.2
CUSTOMER_0634,customer0634@example.com,+91-9000000633,27,Salaried,76776,27,668,143616,4531,1,1,1,0,42358,Monthly,77,74.0,Responded,5015,1,0.0789,LOW,LOW,4.7
CUSTOMER_0635,customer0635@example.com,+91-9000900634,32,Salaried,55095,22,725,41086,2685,2,0,1,18,25304,Weekly,78,85.0,No Response,3063,9,0.1483,LOW,LOW,11.3
CUSTOMER_0636,customer0636@example.com,+91-9000500635,37,Salaried,52630,27,687,130310,7327,3,7,0,8,71216,Monthly,79,76.0,Responded,7572,14,0.1665,LOW,LOW,5.3
CUSTOMER_0637,customer0637@example.com,+91-9000500636,38,Salaried,24190,20,625,227469,13623,2,17,0,0,109239,Monthly,53,63.0,Responded,14052,29,0.2255,AT-RISK,AT-RISK,29.6
CUSTOMER_0638,customer0638@example.com,+91-9000500637,35,Salaried,35205,1,701,124731,4025,1,3,0,0,23458,Monthly,100,86.0,No Response,3992,13,0.0751,LOW,LOW,1.0
CUSTOMER_0639,customer0639@example.com,+91-9000500638,23,Salaried,33951,28,727,135142,18435,3,0,0,6,87887,Bi-Weekly,88,81.0,Responded,18552,13,0.0683,LOW,LOW,3.3
CUSTOMER_0640,customer0640@example.com,+91-9000900639,56,Self-Employed,34523,23,645,155173,10173,6,15,1,8,72824,Monthly,67,78.0,Responded,10381,2,0.258,AT-RISK,AT-RISK,37.6
CUSTOMER_0641,customer0641@example.com,+91-9000600640,32,Business Owner,37789,13,583,175890,6666,1,36,1,20,135528,Bi-Weekly,69,54.0,Responded,6252,15,0.3168,HIGH,HIGH,57.0
CUSTOMER_0642,customer0642@example.com,+91-9000900641,35,Self-Employed,36269,39,569,244973,10668,3,5,2,25,128016,Bi-Weekly,58,61.0,Responded,10573,3,0.2955,HIGH,HIGH,62.9
CUSTOMER_0643,customer0643@example.com,+91-9000500642,40,Salaried,44499,38,737,188737,9887,1,3,1,2,97347,Monthly,84,52.0,Responded,10915,1,0.1403,LOW,LOW,4.7
CUSTOMER_0644,customer0644@example.com,+91-9000000643,29,Business Owner,32109,58,601,290165,13071,6,12,2,21,189808,Monthly,61,81.0,No Response,12359,-10,0.3958,CRITICAL,CRITICAL,84.4
CUSTOMER_0645,customer0645@example.com,+91-9000200644,35,Freelancer,53928,40,751,152886,12817,2,5,0,1,35915,Monthly,84,95.0,No Response,13873,-4,0.0902,LOW,LOW,1.3
CUSTOMER_0646,customer0646@example.com,+91-9000100645,28,Salaried,42125,18,675,25914,1369,1,19,0,0,17426,Monthly,73,82.0,Responded,1455,22,0.1211,LOW,LOW,4.9
CUSTOMER_0647,customer0647@example.com,+91-9000500646,38,Salaried,17266,15,716,220869,10492,6,0,0,24,11904,Monthly,84,85.0,Responded,9593,-13,0.2102,AT-RISK,AT-RISK,30.6
CUSTOMER_0648,customer0648@example.com,+91-9000700647,32,Salaried,43072,19,624,293342,8879,5,7,2,0,189520,Monthly,62,59.0,No Response,8040,19,0.2681,HIGH,HIGH,62.4
CUSTOMER_0649,customer0649@example.com,+91-9000200648,37,Salaried,42220,17,694,374931,27119,5,9,2,4,284888,Monthly,62,54.0,Responded,26797,17,0.2993,HIGH,HIGH,61.3
CUSTOMER_0650,customer0650@example.com,+91-9000900649,25,Self-Employed,18758,30,708,244890,7644,4,9,0,4,58203,Bi-Weekly,84,61.0,No Response,8202,13,0.1196,LOW,LOW,13.1
CUSTOMER_0651,customer0651@example.com,+91-9000700650,27,Business Owner,33952,6,664,126326,4987,6,16,0,6,65890,Monthly,67,76.0,No Response,4900,-13,0.2022,AT-RISK,AT-RISK,32.6
CUSTOMER_0652,customer0652@example.com,+91-9000700651,22,Salaried,57988,36,604,172969,26166,6,24,2,0,73821,Monthly,72,59.0,No Response,27917,-11,0.3134,HIGH,HIGH,62.7
CUSTOMER_0653,customer0653@example.com,+91-9000400652,28,Business Owner,21142,25,656,164085,5915,3,7,0,0,115932,Monthly,59,48.0,No Response,6307,-2,0.1791,LOW,LOW,17.1
CUSTOMER_0654,customer0654@example.com,+91-9000700653,21,Business Owner,25235,35,740,115541,16350,3,8,2,4,65704,Bi-Weekly,80,78.0,No Response,18011,20,0.1524,LOW,LOW,12.2
CUSTOMER_0655,customer0655@example.com,+91-9000500654,32,Freelancer,41526,11,669,145786,4058,4,3,1,35,64391,Monthly,71,70.0,No Response,3753,12,0.2286,AT-RISK,AT-RISK,42.0
CUSTOMER_0656,customer0656@example.com,+91-9000400655,30,Salaried,47390,27,535,317091,9853,10,6,1,18,243856,Monthly,40,54.0,Responded,10289,25,0.4008,CRITICAL,CRITICAL,85.6
CUSTOMER_0657,customer0657@example.com,+91-9000800656,36,Freelancer,69355,41,567,37800,2533,6,2,1,13,11638,Bi-Weekly,57,33.0,No Response,2319,16,0.2094,AT-RISK,HIGH,57.6
CUSTOMER_0658,customer0658@example.com,+91-9000600657,35,Salaried,66153,16,807,68021,4956,3,5,1,0,11089,Monthly,98,76.0,Responded,4678,2,0.1066,LOW,LOW,0.9
CUSTOMER_0659,customer0659@example.com,+91-9000700658,46,Self-Employed,67049,15,697,254924,14614,4,27,1,0,85887,Monthly,73,78.0,Responded,14341,26,0.1965,AT-RISK,AT-RISK,28.3
CUSTOMER_0660,customer0660@example.com,+91-9000000659,58,Salaried,51941,36,634,281221,16854,1,2,0,0,147695,Monthly,67,61.0,Responded,18149,24,0.1481,LOW,LOW,15.4
CUSTOMER_0661,customer0661@example.com,+91-9000100660,45,Salaried,31923,13,584,113472,6608,5,0,1,2,20900,Bi-Weekly,60,52.0,No Response,7556,-3,0.2346,AT-RISK,AT-RISK,41.5
CUSTOMER_0662,customer0662@example.com,+91-9000700661,30,Self-Employed,63515,25,758,263104,16921,2,7,1,0,118617,Monthly,69,87.0,Responded,16677,-14,0.0985,LOW,LOW,16.6
CUSTOMER_0663,customer0663@example.com,+91-9000800662,30,Salaried,38316,43,597,277033,11245,9,10,3,2,105595,Monthly,65,49.0,No Response,11585,9,0.3427,HIGH,HIGH,68.8
CUSTOMER_0664,customer0664@example.com,+91-9000300663,42,Salaried,61302,16,780,115018,10525,1,9,1,0,53798,Monthly,94,83.0,No Response,10154,4,0.0499,LOW,LOW,1.6
CUSTOMER_0665,customer0665@example.com,+91-9000900664,21,Salaried,32085,51,730,20000,1000,1,1,0,3,1115,Weekly,92,75.0,Responded,1068,-9,0.0016,LOW,LOW,4.7
CUSTOMER_0666,customer0666@example.com,+91-9000900665,32,Self-Employed,46326,20,549,31318,1031,3,0,1,52,19467,Monthly,56,53.0,No Response,1022,-5,0.3165,HIGH,HIGH,68.2
CUSTOMER_0667,customer0667@example.com,+91-9000800666,32,Salaried,45255,12,736,104171,5132,1,4,0,29,49551,Monthly,69,88.0,No Response,5236,-11,0.1569,LOW,LOW,13.7
CUSTOMER_0668,customer0668@example.com,+91-9000300667,40,Business Owner,51762,35,736,215172,6813,7,0,0,8,145177,Monthly,73,76.0,No Response,7098,13,0.1954,AT-RISK,AT-RISK,25.8
CUSTOMER_0669,customer0669@example.com,+91-9000900668,40,Salaried,45127,28,687,219014,16326,3,1,0,0,116558,Monthly,69,53.0,Responded,17494,2,0.1107,LOW,LOW,6.7
CUSTOMER_0670,customer0670@example.com,+91-9000900669,28,Salaried,45474,28,760,108219,16580,2,0,1,4,54912,Monthly,81,72.0,No Response,15170,-8,0.0865,LOW,LOW,2.4
CUSTOMER_0671,customer0671@example.com,+91-9000900670,31,Salaried,63242,18,760,118472,4820,1,0,2,0,63217,Monthly,86,75.0,No Response,5006,11,0.1287,LOW,LOW,3.6
CUSTOMER_0672,customer0672@example.com,+91-9000800671,39,Salaried,38484,28,606,158925,8052,2,0,0,12,82323,Bi-Weekly,80,69.0,Responded,8114,26,0.1442,LOW,LOW,16.7
CUSTOMER_0673,customer0673@example.com,+91-9000600672,27,Salaried,16442,1,608,146824,6379,8,22,0,20,37099,Bi-Weekly,85,76.0,Responded,5954,-14,0.256,AT-RISK,AT-RISK,42.1
CUSTOMER_0674,customer0674@example.com,+91-9000100673,45,Salaried,12000,30,702,172502,5230,2,2,1,13,111219,Weekly,66,68.0,Responded,4979,19,0.1954,AT-RISK,AT-RISK,28.1
CUSTOMER_0675,customer0675@example.com,+91-9000800674,40,Freelancer,52255,46,737,148611,4234,0,3,0,27,77543,Monthly,77,72.0,No Response,4746,10,0.14,LOW,LOW,16.2
CUSTOMER_0676,customer0676@example.com,+91-9000300675,36,Self-Employed,41537,3,755,23347,1000,4,10,1,5,6831,Weekly,85,49.0,Responded,1117,7,0.1245,LOW,LOW,15.3
CUSTOMER_0677,customer0677@example.com,+91-9000700676,38,Salaried,15036,22,705,134881,4663,0,6,0,8,66929,Monthly,71,88.0,Responded,4235,-11,0.0861,LOW,LOW,2.9
CUSTOMER_0678,customer0678@example.com,+91-9000600677,30,Salaried,39025,13,575,192798,22644,3,11,0,6,159007,Monthly,50,47.0,No Response,24282,0,0.2465,AT-RISK,AT-RISK,42.7
CUSTOMER_0679,customer0679@example.com,+91-9000600678,29,Business Owner,46499,6,685,227611,21033,3,6,2,23,154146,Monthly,80,74.0,Responded,21843,26,0.2882,HIGH,HIGH,49.5
CUSTOMER_0680,customer0680@example.com,+91-9000700679,31,Salaried,39256,1,719,87257,3116,5,9,0,0,56336,Bi-Weekly,79,76.0,No Response,3536,-5,0.1325,LOW,LOW,9.4
CUSTOMER_0681,customer0681@example.com,+91-9000000680,39,Salaried,52919,11,678,168427,8892,5,12,2,21,42566,Monthly,82,62.0,Responded,10021,3,0.3195,HIGH,HIGH,53.5
CUSTOMER_0682,customer0682@example.com,+91-9000400681,36,Business Owner,73966,24,652,194323,10027,0,5,0,0,60815,Bi-Weekly,78,69.0,Responded,10477,0,0.0803,LOW,LOW,6.7
CUSTOMER_0683,customer0683@example.com,+91-9000100682,31,Self-Employed,59035,38,589,174840,11458,6,23,1,1,25204,Weekly,31,43.0,Responded,10710,16,0.2995,HIGH,HIGH,64.5
CUSTOMER_0684,customer0684@example.com,+91-9000100683,41,Self-Employed,45354,6,657,21279,1000,5,6,0,29,5033,Monthly,56,77.0,No Response,1014,-4,0.1973,AT-RISK,AT-RISK,37.9
CUSTOMER_0685,customer0685@example.com,+91-9000000684,33,Salaried,48626,32,802,217224,18799,3,1,1,0,124924,Bi-Weekly,94,48.0,No Response,20327,-14,0.1246,LOW,LOW,8.3
CUSTOMER_0686,customer0686@example.com,+91-9000400685,28,Salaried,52505,31,711,203336,8196,3,10,1,12,53879,Monthly,84,62.0,No Response,9326,27,0.1515,LOW,LOW,11.8
CUSTOMER_0687,customer0687@example.com,+91-9000100686,37,Self-Employed,52376,50,627,177111,15793,2,5,1,0,83196,Monthly,50,64.0,No Response,15650,6,0.1274,LOW,LOW,30.1
CUSTOMER_0688,customer0688@example.com,+91-9000300687,25,Salaried,42001,35,658,160388,20264,2,14,1,23,79279,Weekly,62,87.0,Responded,22212,10,0.2288,AT-RISK,AT-RISK,37.7
CUSTOMER_0689,customer0689@example.com,+91-9000200688,21,Salaried,54697,37,721,20000,1257,5,0,0,3,9983,Monthly,90,85.0,Responded,1346,17,0.1127,LOW,LOW,6.3
CUSTOMER_0690,customer0690@example.com,+91-9000200689,34,Salaried,18459,38,713,203041,15697,5,2,1,5,30521,Monthly,77,54.0,No Response,14434,8,0.2092,AT-RISK,AT-RISK,28.5
CUSTOMER_0691,customer0691@example.com,+91-9000100690,29,Salaried,40740,13,581,326050,9980,8,30,0,8,100339,Monthly,33,52.0,No Response,10374,-11,0.3101,HIGH,HIGH,62.1
CUSTOMER_0692,customer0692@example.com,+91-9000500691,32,Freelancer,46034,17,566,84268,11017,4,3,2,0,36904,Monthly,61,60.0,No Response,10420,5,0.2354,AT-RISK,AT-RISK,45.1
CUSTOMER_0693,customer0693@example.com,+91-9000100692,26,Business Owner,39635,43,728,248216,21969,4,14,0,12,66614,Monthly,86,100.0,Responded,23526,2,0.1576,LOW,LOW,13.1
CUSTOMER_0694,customer0694@example.com,+91-9000700693,45,Self-Employed,46451,1,694,238507,10618,7,17,0,0,162755,Monthly,71,67.0,No Response,11175,23,0.2097,AT-RISK,AT-RISK,33.1
CUSTOMER_0695,customer0695@example.com,+91-9000700694,29,Salaried,24563,17,553,72103,3528,4,16,1,4,47886,Monthly,77,49.0,No Response,4033,-11,0.2488,AT-RISK,AT-RISK,42.1
CUSTOMER_0696,customer0696@example.com,+91-9000400695,31,Salaried,26738,9,767,105930,14362,2,2,0,0,30956,Monthly,84,85.0,Responded,16284,-8,0.0541,LOW,LOW,0.8
CUSTOMER_0697,customer0697@example.com,+91-9000900696,38,Salaried,44334,28,588,54841,8820,7,10,2,11,41946,Monthly,54,56.0,No Response,7958,5,0.2992,HIGH,HIGH,62.6
CUSTOMER_0698,customer0698@example.com,+91-9000600697,22,Salaried,35677,22,735,139450,3912,2,9,1,0,34574,Monthly,79,81.0,Responded,3599,-11,0.0905,LOW,LOW,2.1
CUSTOMER_0699,customer0699@example.com,+91-9000300698,21,Freelancer,12729,34,615,207107,8038,5,11,1,0,130833,Monthly,51,71.0,No Response,8779,-3,0.1988,AT-RISK,AT-RISK,49.9
CUSTOMER_0700,customer0700@example.com,+91-9000000699,38,Salaried,29552,27,763,45184,2663,4,2,1,0,7001,Monthly,93,85.0,Responded,2853,3,0.1348,LOW,LOW,2.9
CUSTOMER_0701,customer0701@example.com,+91-9000100700,30,Salaried,27005,5,647,201737,10030,5,32,0,30,125340,Weekly,71,69.0,Responded,11035,13,0.3005,HIGH,HIGH,55.3
CUSTOMER_0702,customer0702@example.com,+91-9000900701,26,Salaried,59065,6,637,217599,15546,2,8,0,0,81213,Monthly,66,84.0,Responded,15028,-14,0.1663,LOW,LOW,14.1
CUSTOMER_0703,customer0703@example.com,+91-9000900702,40,Self-Employed,47540,26,656,222595,13617,7,28,1,59,27402,Bi-Weekly,73,60.0,No Response,15146,21,0.4082,CRITICAL,HIGH,64.7
CUSTOMER_0704,customer0704@example.com,+91-9000300703,27,Salaried,33573,17,734,171290,6724,3,0,0,0,33263,Weekly,73,63.0,No Response,6795,10,0.0625,LOW,LOW,1.8
CUSTOMER_0705,customer0705@example.com,+91-9000000704,32,Salaried,38141,20,714,56385,1735,1,0,0,0,16148,Monthly,87,78.0,Responded,1675,13,0.0594,LOW,LOW,0.6
CUSTOMER_0706,customer0706@example.com,+91-9000700705,26,Salaried,70906,39,560,149697,12990,2,3,1,8,83941,Monthly,75,52.0,No Response,11725,-11,0.1901,AT-RISK,AT-RISK,36.4
CUSTOMER_0707,customer0707@example.com,+91-9000800706,37,Business Owner,69504,39,678,168662,5403,8,2,0,0,13468,Monthly,78,62.0,No Response,6039,16,0.2141,AT-RISK,AT-RISK,26.7
CUSTOMER_0708,customer0708@example.com,+91-9000300707,46,Salaried,28030,54,680,247203,25625,4,6,1,2,107052,Monthly,87,66.0,No Response,26492,22,0.2218,AT-RISK,AT-RISK,26.2
CUSTOMER_0709,customer0709@example.com,+91-9000900708,21,Freelancer,58869,21,582,184457,14816,1,1,1,40,118742,Monthly,50,40.0,Responded,16947,-14,0.2168,AT-RISK,CRITICAL,65.9
CUSTOMER_0710,customer0710@example.com,+91-9000200709,36,Business Owner,52145,20,809,158126,22223,0,9,0,0,60201,Monthly,100,96.0,Responded,23971,-11,0.0752,LOW,LOW,1.6
CUSTOMER_0711,customer0711@example.com,+91-9000100710,42,Salaried,54396,30,585,96193,9408,5,3,2,31,63716,Monthly,64,58.0,No Response,8656,17,0.3456,HIGH,HIGH,66.3
CUSTOMER_0712,customer0712@example.com,+91-9000400711,31,Business Owner,48181,20,762,58968,1759,1,2,0,0,8170,Monthly,89,86.0,Responded,1841,19,0.0239,LOW,LOW,0.7
CUSTOMER_0713,customer0713@example.com,+91-9000200712,24,Salaried,65749,19,658,59813,3023,2,2,0,0,28400,Weekly,64,70.0,Responded,2733,3,0.1082,LOW,LOW,9.5
CUSTOMER_0714,customer0714@example.com,+91-9000900713,38,Freelancer,24000,23,643,131274,15759,2,6,2,0,96019,Monthly,75,62.0,Responded,16380,-1,0.1293,LOW,LOW,22.9
CUSTOMER_0715,customer0715@example.com,+91-9000600714,44,Salaried,46383,52,753,282530,8120,3,0,0,10,110145,Weekly,96,89.0,Responded,8018,19,0.1248,LOW,LOW,6.4
CUSTOMER_0716,customer0716@example.com,+91-9000500715,43,Salaried,75026,38,725,114886,3549,2,0,1,0,46813,Monthly,96,70.0,Responded,3764,-8,0.0738,LOW,LOW,2.1
CUSTOMER_0717,customer0717@example.com,+91-9000000716,38,Salaried,12000,36,615,202737,7078,10,11,0,33,122620,Monthly,61,59.0,No Response,7328,-15,0.38,CRITICAL,HIGH,64.1
CUSTOMER_0718,customer0718@example.com,+91-9000700717,35,Salaried,47965,50,708,191898,5643,1,1,0,3,48351,Monthly,85,64.0,Responded,5447,22,0.0926,LOW,LOW,1.2
CUSTOMER_0719,customer0719@example.com,+91-9000100718,26,Freelancer,27862,33,527,96359,7645,9,3,1,0,72034,Weekly,50,57.0,Responded,7190,6,0.2978,HIGH,HIGH,61.4
CUSTOMER_0720,customer0720@example.com,+91-9000400719,42,Salaried,63878,12,729,113506,3650,2,7,2,0,68069,Monthly,80,74.0,Responded,3654,1,0.1691,LOW,LOW,8.7
CUSTOMER_0721,customer0721@example.com,+91-9000800720,42,Self-Employed,69922,40,704,196431,7357,3,0,1,12,8772,Monthly,90,80.0,No Response,8436,0,0.1225,LOW,LOW,6.4
CUSTOMER_0722,customer0722@example.com,+91-9000700721,24,Salaried,67468,43,710,166259,5180,3,2,0,2,88069,Bi-Weekly,89,72.0,No Response,5226,29,0.085,LOW,LOW,2.2
CUSTOMER_0723,customer0723@example.com,+91-9000100722,38,Freelancer,54114,37,751,20000,1000,3,0,1,2,3507,Monthly,72,83.0,No Response,1087,-15,0.186,AT-RISK,LOW,17.0
CUSTOMER_0724,customer0724@example.com,+91-9000800723,40,Salaried,48859,25,635,198706,12120,2,2,0,18,67480,Monthly,71,80.0,Responded,11080,-13,0.1943,AT-RISK,AT-RISK,27.3
CUSTOMER_0725,customer0725@example.com,+91-9000400724,42,Salaried,30876,30,454,145969,4993,9,14,1,2,123135,Weekly,34,27.0,No Response,4966,-10,0.3701,CRITICAL,HIGH,68.5
CUSTOMER_0726,customer0726@example.com,+91-9000900725,34,Salaried,54764,28,731,105911,7633,2,0,2,13,56741,Bi-Weekly,83,76.0,No Response,7977,-13,0.1693,LOW,LOW,10.2
CUSTOMER_0727,customer0727@example.com,+91-9000500726,27,Self-Employed,83372,14,716,162656,10257,3,7,0,3,86769,Monthly,87,81.0,No Response,11157,14,0.2015,AT-RISK,LOW,14.9
CUSTOMER_0728,customer0728@example.com,+91-9000200727,30,Salaried,33296,17,747,257499,27876,4,11,0,6,159837,Monthly,83,71.0,No Response,28770,-5,0.2259,AT-RISK,AT-RISK,27.0
CUSTOMER_0729,customer0729@example.com,+91-9000200728,25,Salaried,39687,37,614,140603,4129,4,0,0,17,48144,Weekly,86,86.0,Responded,4248,11,0.1693,LOW,LOW,23.4
CUSTOMER_0730,customer0730@example.com,+91-9000900729,34,Salaried,39897,13,622,286798,19470,2,44,1,14,166116,Weekly,59,42.0,No Response,21241,6,0.2669,HIGH,HIGH,59.0
CUSTOMER_0731,customer0731@example.com,+91-9000700730,32,Self-Employed,63906,16,679,45502,2104,4,2,0,13,14568,Monthly,69,60.0,Responded,2058,-10,0.1601,LOW,LOW,14.2
CUSTOMER_0732,customer0732@example.com,+91-9000900731,54,Salaried,53510,38,702,158825,8952,4,0,0,3,41443,Bi-Weekly,78,63.0,No Response,8259,22,0.1172,LOW,LOW,6.0
CUSTOMER_0733,customer0733@example.com,+91-9000900732,43,Self-Employed,68045,29,621,109576,3148,3,0,0,0,34575,Monthly,64,85.0,Responded,3106,25,0.1033,LOW,LOW,17.5
CUSTOMER_0734,customer0734@example.com,+91-9000100733,43,Salaried,62231,34,567,192958,12021,4,4,2,11,115666,Monthly,72,50.0,Responded,11296,15,0.3115,HIGH,HIGH,56.8
CUSTOMER_0735,customer0735@example.com,+91-9000100734,39,Business Owner,58979,10,687,131798,4489,3,5,1,0,49343,Monthly,75,48.0,No Response,5124,27,0.1682,LOW,LOW,8.0
CUSTOMER_0736,customer0736@example.com,+91-9000400735,31,Freelancer,24451,33,600,57597,1819,1,3,0,8,39162,Monthly,63,65.0,Responded,1899,-10,0.1193,LOW,LOW,24.1
CUSTOMER_0737,customer0737@example.com,+91-9000500736,32,Salaried,86719,19,765,76425,4007,1,6,0,0,35192,Monthly,86,77.0,Responded,4053,4,0.0517,LOW,LOW,1.1
CUSTOMER_0738,customer0738@example.com,+91-9000100737,33,Salaried,77911,13,705,26131,1506,4,6,0,0,1290,Monthly,82,87.0,Responded,1698,25,0.1171,LOW,LOW,6.3
CUSTOMER_0739,customer0739@example.com,+91-9000400738,36,Salaried,46391,20,639,56945,2002,3,3,1,2,28295,Monthly,59,75.0,No Response,2252,-5,0.1543,LOW,LOW,19.8
CUSTOMER_0740,customer0740@example.com,+91-9000600739,38,Salaried,23635,49,665,166776,4995,2,4,1,3,45995,Monthly,89,80.0,Responded,5014,-14,0.1199,LOW,LOW,3.1
CUSTOMER_0741,customer0741@example.com,+91-9000900740,35,Salaried,19392,23,761,121848,4253,2,10,1,0,36646,Monthly,81,60.0,No Response,4757,15,0.1828,AT-RISK,LOW,5.7
CUSTOMER_0742,customer0742@example.com,+91-9000900741,32,Self-Employed,51766,57,646,175645,13707,5,0,0,13,105290,Weekly,74,54.0,Responded,12555,22,0.1739,LOW,AT-RISK,36.7
CUSTOMER_0743,customer0743@example.com,+91-9000700742,29,Salaried,30287,1,587,336984,10321,11,3,0,1,161231,Bi-Weekly,54,37.0,No Response,11574,10,0.2473,AT-RISK,AT-RISK,53.6
CUSTOMER_0744,customer0744@example.com,+91-9000600743,22,Freelancer,12062,5,514,162487,9217,8,6,0,11,132973,Monthly,56,50.0,No Response,9010,11,0.3225,HIGH,HIGH,61.1
CUSTOMER_0745,customer0745@example.com,+91-9000700744,46,Salaried,18916,47,675,184749,7933,5,2,1,0,83908,Weekly,85,69.0,Responded,8260,15,0.2178,AT-RISK,AT-RISK,27.1
CUSTOMER_0746,customer0746@example.com,+91-9000800745,54,Self-Employed,36868,48,698,165987,5364,0,5,0,0,72858,Monthly,60,63.0,No Response,5189,8,0.0952,LOW,LOW,7.1
CUSTOMER_0747,customer0747@example.com,+91-9000400746,45,Salaried,44031,14,612,432417,37111,4,3,0,18,287079,Monthly,66,58.0,No Response,42536,-3,0.2207,AT-RISK,AT-RISK,46.8
CUSTOMER_0748,customer0748@example.com,+91-9000400747,23,Salaried,68702,27,656,20000,1000,3,8,0,12,1454,Weekly,62,85.0,No Response,917,9,0.153,LOW,LOW,12.5
CUSTOMER_0749,customer0749@example.com,+91-9000900748,42,Salaried,56322,37,664,100468,4206,4,6,1,0,5861,Monthly,72,76.0,Responded,4255,21,0.1487,LOW,LOW,13.4
CUSTOMER_0750,customer0750@example.com,+91-9000300749,44,Salaried,39208,24,598,212713,6485,7,5,1,5,21137,Monthly,79,68.0,Responded,6843,25,0.275,HIGH,HIGH,51.1
CUSTOMER_0751,customer0751@example.com,+91-9000800750,31,Salaried,58971,30,800,87892,7876,5,0,2,8,25845,Monthly,93,58.0,No Response,8300,9,0.1536,LOW,LOW,24.2
CUSTOMER_0752,customer0752@example.com,+91-9000400751,39,Self-Employed,53688,27,699,196439,10549,3,3,0,0,38113,Monthly,73,71.0,Responded,11442,13,0.1212,LOW,LOW,2.9
CUSTOMER_0753,customer0753@example.com,+91-9000100752,30,Freelancer,60868,7,673,152792,4931,4,2,2,0,108960,Monthly,75,79.0,Responded,5330,15,0.2313,AT-RISK,AT-RISK,29.4
CUSTOMER_0754,customer0754@example.com,+91-9000900753,48,Salaried,47909,23,680,216006,32842,0,3,0,6,83955,Weekly,84,77.0,No Response,36069,27,0.0669,LOW,LOW,5.4
CUSTOMER_0755,customer0755@example.com,+91-9000700754,38,Salaried,69406,28,626,64784,6916,5,13,0,0,29825,Monthly,90,60.0,Responded,6629,23,0.1473,LOW,AT-RISK,28.8
CUSTOMER_0756,customer0756@example.com,+91-9000600755,26,Salaried,68635,30,773,151333,4237,2,2,1,18,29802,Weekly,87,73.0,Responded,4205,-14,0.1538,LOW,LOW,9.4
CUSTOMER_0757,customer0757@example.com,+91-9000700756,41,Salaried,42158,3,546,224080,15548,4,0,1,17,69686,Weekly,62,57.0,No Response,15478,-4,0.1492,LOW,HIGH,50.0
CUSTOMER_0758,customer0758@example.com,+91-9000200757,44,Salaried,45507,38,699,164499,4664,4,3,0,3,43201,Monthly,69,65.0,No Response,5312,-11,0.1817,LOW,LOW,8.5
CUSTOMER_0759,customer0759@example.com,+91-9000300758,36,Business Owner,66545,29,719,162224,14136,2,9,3,1,79566,Monthly,66,64.0,No Response,14168,11,0.1834,AT-RISK,AT-RISK,28.2
CUSTOMER_0760,customer0760@example.com,+91-9000400759,39,Freelancer,36435,13,736,226992,13485,3,6,0,1,72146,Monthly,89,51.0,Responded,12884,18,0.1142,LOW,LOW,3.3
CUSTOMER_0761,customer0761@example.com,+91-9000500760,34,Freelancer,17589,50,648,26913,1000,2,5,2,0,11516,Monthly,61,54.0,No Response,1058,-2,0.1334,LOW,LOW,21.9
CUSTOMER_0762,customer0762@example.com,+91-9000000761,24,Salaried,20024,23,767,151882,5902,0,1,1,15,59643,Monthly,76,79.0,Responded,5942,-9,0.1582,LOW,LOW,5.8
CUSTOMER_0763,customer0763@example.com,+91-9000300762,33,Business Owner,34443,24,690,56742,2421,1,2,0,3,28477,Weekly,88,86.0,Responded,2330,21,0.0782,LOW,LOW,0.6
CUSTOMER_0764,customer0764@example.com,+91-9000900763,39,Self-Employed,61011,36,692,210153,9597,3,4,0,0,20553,Bi-Weekly,76,72.0,No Response,10353,20,0.1169,LOW,LOW,3.2
CUSTOMER_0765,customer0765@example.com,+91-9000400764,33,Salaried,36812,51,624,97614,3118,3,70,0,10,60480,Monthly,69,76.0,Responded,2955,-6,0.2954,HIGH,AT-RISK,31.1
CUSTOMER_0766,customer0766@example.com,+91-9000600765,42,Salaried,49860,36,592,20000,1532,8,7,0,0,8743,Monthly,62,66.0,Responded,1621,13,0.2536,AT-RISK,AT-RISK,41.4
CUSTOMER_0767,customer0767@example.com,+91-9000400766,31,Business Owner,42847,41,768,183787,9535,1,3,1,0,72762,Monthly,83,71.0,No Response,9607,0,0.0679,LOW,LOW,1.3
CUSTOMER_0768,customer0768@example.com,+91-9000000767,32,Salaried,33057,12,631,156486,14674,5,6,2,18,49069,Monthly,72,51.0,No Response,14377,22,0.2634,AT-RISK,AT-RISK,52.9
CUSTOMER_0769,customer0769@example.com,+91-9000600768,42,Salaried,27502,28,712,187204,7839,4,2,1,10,60576,Weekly,68,69.0,No Response,8908,5,0.2261,AT-RISK,AT-RISK,22.6
CUSTOMER_0770,customer0770@example.com,+91-9000700769,36,Salaried,45104,20,732,270909,20043,4,10,1,7,53960,Bi-Weekly,72,65.0,No Response,19664,22,0.1727,LOW,LOW,20.3
CUSTOMER_0771,customer0771@example.com,+91-9000600770,31,Self-Employed,46371,38,646,173306,10821,6,3,0,0,111742,Monthly,83,67.0,No Response,10678,25,0.2285,AT-RISK,AT-RISK,30.6
CUSTOMER_0772,customer0772@example.com,+91-9000300771,44,Salaried,49688,36,666,189290,9399,2,45,0,14,81775,Monthly,55,41.0,Responded,10504,17,0.2419,AT-RISK,AT-RISK,28.6
CUSTOMER_0773,customer0773@example.com,+91-9000700772,28,Freelancer,52074,49,671,154847,22761,3,3,0,0,112641,Monthly,84,57.0,No Response,21219,13,0.1225,LOW,LOW,6.8
CUSTOMER_0774,customer0774@example.com,+91-9000400773,28,Self-Employed,45102,1,752,63827,7287,7,0,0,5,22431,Monthly,79,68.0,Responded,6755,1,0.1826,AT-RISK,AT-RISK,25.6
CUSTOMER_0775,customer0775@example.com,+91-9000900774,21,Self-Employed,20443,19,716,124982,4702,3,4,0,0,20452,Monthly,83,70.0,Responded,4564,-3,0.0958,LOW,LOW,2.6
CUSTOMER_0776,customer0776@example.com,+91-9000800775,30,Salaried,69419,46,673,300255,15912,2,0,0,7,110238,Monthly,87,60.0,No Response,16674,-10,0.1534,LOW,LOW,6.2
CUSTOMER_0777,customer0777@example.com,+91-9000900776,46,Self-Employed,38939,7,534,149227,4671,5,2,1,48,12158,Monthly,64,74.0,Responded,4652,-14,0.3066,HIGH,HIGH,67.8
CUSTOMER_0778,customer0778@example.com,+91-9000400777,21,Salaried,51947,39,742,133031,4956,1,1,0,10,78290,Monthly,98,82.0,Responded,5214,-8,0.1147,LOW,LOW,1.6
CUSTOMER_0779,customer0779@example.com,+91-9000000778,26,Salaried,86837,45,769,218348,34974,3,4,0,11,106225,Monthly,86,100.0,Responded,32873,16,0.1504,LOW,LOW,12.3
CUSTOMER_0780,customer0780@example.com,+91-9000800779,38,Salaried,68036,27,670,33487,1366,4,3,3,27,16296,Monthly,99,55.0,Responded,1318,20,0.2556,AT-RISK,AT-RISK,36.1
CUSTOMER_0781,customer0781@example.com,+91-9000400780,21,Salaried,59378,8,640,188832,21429,7,0,1,7,77012,Monthly,88,79.0,No Response,22313,-7,0.1772,LOW,LOW,31.1
CUSTOMER_0782,customer0782@example.com,+91-9000500781,30,Self-Employed,45983,25,670,33145,1126,4,6,1,40,14906,Monthly,85,61.0,No Response,1074,7,0.2644,HIGH,HIGH,49.3
CUSTOMER_0783,customer0783@example.com,+91-9000300782,45,Salaried,51158,49,748,168117,4703,4,2,0,8,104332,Monthly,93,78.0,Responded,4729,-9,0.1741,LOW,LOW,6.9
CUSTOMER_0784,customer0784@example.com,+91-9000500783,53,Salaried,55633,50,686,141060,6430,4,10,0,5,28591,Monthly,79,98.0,Responded,6707,15,0.1553,LOW,LOW,6.0
CUSTOMER_0785,customer0785@example.com,+91-9000700784,37,Salaried,61076,32,704,177268,6693,4,2,0,0,83760,Bi-Weekly,82,59.0,No Response,7652,5,0.067,LOW,LOW,6.7
CUSTOMER_0786,customer0786@example.com,+91-9000200785,26,Freelancer,74280,13,652,83361,6354,6,9,1,0,39811,Monthly,52,56.0,No Response,5845,-15,0.2599,AT-RISK,AT-RISK,39.2
CUSTOMER_0787,customer0787@example.com,+91-9000400786,26,Self-Employed,97650,52,763,109300,5714,0,1,0,13,72144,Monthly,63,64.0,No Response,5800,-14,0.1091,LOW,LOW,8.9
CUSTOMER_0788,customer0788@example.com,+91-9000100787,36,Self-Employed,55387,39,688,195950,6184,1,7,0,1,108807,Weekly,76,67.0,No Response,6178,24,0.1325,LOW,LOW,3.1
CUSTOMER_0789,customer0789@example.com,+91-9000100788,37,Salaried,12000,14,577,130185,11810,8,11,1,29,107153,Monthly,73,34.0,No Response,13062,-5,0.3481,CRITICAL,CRITICAL,85.2
CUSTOMER_0790,customer0790@example.com,+91-9000600789,51,Salaried,25048,29,589,252342,18068,4,23,0,5,134704,Monthly,53,71.0,No Response,20327,21,0.1841,AT-RISK,AT-RISK,40.2
CUSTOMER_0791,customer0791@example.com,+91-9000900790,43,Freelancer,74593,30,639,190137,9819,3,0,1,6,38266,Monthly,59,77.0,No Response,11063,2,0.1934,AT-RISK,AT-RISK,28.4
CUSTOMER_0792,customer0792@example.com,+91-9000900791,35,Salaried,53188,17,578,139690,5104,3,5,0,22,63344,Monthly,65,64.0,No Response,5072,28,0.2025,AT-RISK,AT-RISK,38.8
CUSTOMER_0793,customer0793@example.com,+91-9000900792,31,Salaried,50752,30,690,144630,8371,5,9,0,41,84830,Monthly,58,45.0,No Response,8171,8,0.2547,AT-RISK,AT-RISK,52.7
CUSTOMER_0794,customer0794@example.com,+91-9000500793,62,Self-Employed,44468,42,709,155143,4585,1,0,0,0,86485,Monthly,91,73.0,No Response,4641,3,0.1308,LOW,LOW,1.4
CUSTOMER_0795,customer0795@example.com,+91-9000300794,40,Salaried,27320,24,726,122267,13840,2,1,0,5,4155,Monthly,85,89.0,No Response,13646,-11,0.1009,LOW,LOW,1.5
CUSTOMER_0796,customer0796@example.com,+91-9000400795,28,Business Owner,83771,45,656,198118,11569,3,13,0,8,68743,Monthly,90,79.0,No Response,12491,13,0.1642,LOW,LOW,10.1
CUSTOMER_0797,customer0797@example.com,+91-9000000796,32,Salaried,34011,3,766,116330,4266,1,2,0,0,20621,Weekly,82,75.0,No Response,4067,23,0.0297,LOW,LOW,0.3
CUSTOMER_0798,customer0798@example.com,+91-9000600797,27,Salaried,58317,56,685,117508,9194,4,31,1,3,79349,Monthly,70,82.0,Responded,9788,-14,0.2023,AT-RISK,AT-RISK,28.8
CUSTOMER_0799,customer0799@example.com,+91-9000700798,21,Salaried,23242,28,678,220781,8593,1,0,1,0,30465,Monthly,87,63.0,Responded,9725,1,0.1167,LOW,LOW,3.0
CUSTOMER_0800,customer0800@example.com,+91-9000800799,37,Salaried,49145,45,775,103192,9444,4,3,0,0,40148,Monthly,93,80.0,Responded,9160,29,0.0401,LOW,LOW,3.5
CUSTOMER_0801,customer0801@example.com,+91-9000700800,51,Business Owner,70027,31,707,105941,13795,3,4,1,1,21187,Bi-Weekly,94,82.0,No Response,14749,-5,0.1443,LOW,LOW,2.3
CUSTOMER_0802,customer0802@example.com,+91-9000400801,21,Self-Employed,46262,16,748,20000,2076,5,2,1,0,4884,Bi-Weekly,79,81.0,Responded,1942,21,0.1669,LOW,LOW,10.9
CUSTOMER_0803,customer0803@example.com,+91-9000200802,35,Salaried,41424,27,655,72609,2141,4,19,1,0,47078,Bi-Weekly,68,78.0,Responded,1991,-3,0.2442,AT-RISK,AT-RISK,28.3
CUSTOMER_0804,customer0804@example.com,+91-9000900803,28,Salaried,42632,1,565,101783,4513,5,1,0,33,23805,Monthly,49,66.0,No Response,4192,13,0.29,HIGH,HIGH,59.2
CUSTOMER_0805,customer0805@example.com,+91-9000800804,39,Self-Employed,23546,38,747,104663,3501,4,9,1,2,9753,Monthly,93,69.0,Responded,3272,16,0.1765,LOW,LOW,7.0
CUSTOMER_0806,customer0806@example.com,+91-9000500805,33,Self-Employed,15306,27,594,120121,7517,4,12,0,21,13104,Monthly,62,49.0,No Response,7171,29,0.1998,AT-RISK,AT-RISK,42.5
CUSTOMER_0807,customer0807@example.com,+91-9000400806,22,Salaried,61893,25,668,228114,9592,7,1,1,0,84625,Monthly,75,62.0,No Response,9982,24,0.1778,LOW,LOW,24.5
CUSTOMER_0808,customer0808@example.com,+91-9000200807,26,Salaried,37536,36,617,100822,4835,3,17,0,23,51051,Monthly,72,66.0,No Response,5278,27,0.2202,AT-RISK,AT-RISK,37.0
CUSTOMER_0809,customer0809@example.com,+91-9000500808,27,Salaried,65565,29,766,91762,2669,3,2,0,9,21044,Weekly,93,95.0,Responded,2486,-8,0.1136,LOW,LOW,1.9
CUSTOMER_0810,customer0810@example.com,+91-9000200809,47,Self-Employed,67412,35,638,171451,6031,3,11,2,6,88900,Monthly,72,67.0,No Response,6739,-6,0.2617,AT-RISK,AT-RISK,35.3
CUSTOMER_0811,customer0811@example.com,+91-9000900810,46,Freelancer,58017,36,563,84437,3024,4,5,0,56,8617,Monthly,40,60.0,Responded,3358,9,0.3522,CRITICAL,CRITICAL,80.5
CUSTOMER_0812,customer0812@example.com,+91-9000500811,32,Salaried,14677,18,594,317285,42930,5,17,1,35,231604,Monthly,47,59.0,Responded,46443,-5,0.3434,HIGH,CRITICAL,77.8
CUSTOMER_0813,customer0813@example.com,+91-9000300812,46,Self-Employed,33423,15,609,224043,9961,6,6,0,14,136661,Monthly,64,92.0,No Response,10025,12,0.2792,HIGH,HIGH,54.2
CUSTOMER_0814,customer0814@example.com,+91-9000100813,33,Salaried,59358,3,701,62451,3121,6,0,0,9,41935,Monthly,80,71.0,No Response,2810,17,0.1051,LOW,LOW,19.5
CUSTOMER_0815,customer0815@example.com,+91-9000700814,32,Salaried,57882,29,678,234846,6940,1,6,0,0,157657,Monthly,68,77.0,No Response,7520,23,0.14,LOW,LOW,11.0
CUSTOMER_0816,customer0816@example.com,+91-9000300815,35,Salaried,87710,33,670,258835,18865,2,1,0,0,75310,Weekly,80,58.0,No Response,21124,10,0.1294,LOW,LOW,5.2
CUSTOMER_0817,customer0817@example.com,+91-9000800816,37,Business Owner,25268,8,573,79869,5666,1,5,1,0,30794,Monthly,45,40.0,No Response,5574,-8,0.1159,LOW,LOW,38.0
CUSTOMER_0818,customer0818@example.com,+91-9000600817,30,Salaried,74155,48,793,59906,3266,2,0,1,0,29240,Weekly,78,75.0,Responded,3525,22,0.1153,LOW,LOW,2.9
CUSTOMER_0819,customer0819@example.com,+91-9000100818,35,Salaried,58298,16,761,99160,7455,4,0,0,0,11517,Monthly,69,90.0,Responded,6825,10,0.0734,LOW,LOW,6.4
CUSTOMER_0820,customer0820@example.com,+91-9000300819,42,Salaried,16932,1,701,43461,4400,4,1,0,15,10284,Monthly,76,81.0,Responded,4740,16,0.1389,LOW,LOW,10.1
CUSTOMER_0821,customer0821@example.com,+91-9000400820,36,Salaried,40653,50,743,83880,2644,1,2,0,0,8533,Monthly,87,54.0,No Response,2424,12,0.0798,LOW,LOW,1.6
CUSTOMER_0822,customer0822@example.com,+91-9000200821,35,Salaried,49701,1,703,132275,5814,5,4,2,51,49388,Monthly,78,73.0,Responded,6086,-9,0.3154,HIGH,HIGH,57.1
CUSTOMER_0823,customer0823@example.com,+91-9000800822,39,Self-Employed,16454,42,764,173968,5463,2,2,0,0,61772,Monthly,87,60.0,No Response,5732,19,0.0702,LOW,LOW,1.5
CUSTOMER_0824,customer0824@example.com,+91-9000400823,41,Salaried,12000,33,518,195767,6328,3,3,1,4,45046,Monthly,60,63.0,No Response,6173,-14,0.2148,AT-RISK,AT-RISK,44.7
CUSTOMER_0825,customer0825@example.com,+91-9000100824,34,Self-Employed,13557,31,687,149842,10361,2,8,2,6,9057,Monthly,79,73.0,No Response,9529,6,0.1957,AT-RISK,LOW,13.7
CUSTOMER_0826,customer0826@example.com,+91-9000200825,30,Salaried,49184,19,679,126639,5645,6,9,0,0,72508,Weekly,71,62.0,No Response,6420,6,0.1866,AT-RISK,AT-RISK,28.9
CUSTOMER_0827,customer0827@example.com,+91-9000800826,36,Salaried,43325,37,819,45305,5332,2,1,1,6,1918,Monthly,84,91.0,Responded,5512,-13,0.1419,LOW,LOW,1.9
CUSTOMER_0828,customer0828@example.com,+91-9000600827,21,Salaried,33280,40,617,217963,6514,4,16,2,28,167050,Bi-Weekly,70,60.0,No Response,6806,29,0.3256,HIGH,HIGH,66.3
CUSTOMER_0829,customer0829@example.com,+91-9000100828,33,Salaried,35253,13,639,207088,11423,2,7,3,0,40878,Monthly,84,68.0,Responded,12037,-8,0.2399,AT-RISK,AT-RISK,29.3
CUSTOMER_0830,customer0830@example.com,+91-9000800829,21,Salaried,19585,40,615,112912,6339,5,8,0,40,58373,Monthly,68,48.0,Responded,7117,-12,0.2911,HIGH,HIGH,60.9
CUSTOMER_0831,customer0831@example.com,+91-9000300830,21,Salaried,39631,40,700,68131,4517,6,1,1,9,21892,Monthly,82,68.0,No Response,4133,-1,0.2173,AT-RISK,AT-RISK,27.1
CUSTOMER_0832,customer0832@example.com,+91-9000800831,21,Self-Employed,12000,29,625,315124,15899,1,0,0,0,29583,Bi-Weekly,66,69.0,Responded,17859,28,0.0624,LOW,LOW,17.6
CUSTOMER_0833,customer0833@example.com,+91-9000100832,44,Self-Employed,73874,20,694,163238,12044,3,9,0,4,53429,Monthly,79,59.0,No Response,11561,23,0.1721,LOW,LOW,6.0
CUSTOMER_0834,customer0834@example.com,+91-9000900833,35,Salaried,77017,39,649,193711,11232,5,12,1,11,78750,Monthly,79,76.0,Responded,10327,-4,0.2391,AT-RISK,AT-RISK,32.8
CUSTOMER_0835,customer0835@example.com,+91-9000300834,23,Salaried,12000,36,682,162525,5417,1,0,0,0,81615,Monthly,87,57.0,No Response,5765,13,0.1552,LOW,LOW,2.6
CUSTOMER_0836,customer0836@example.com,+91-9000400835,39,Salaried,42317,14,792,54796,1766,4,1,0,2,24836,Monthly,91,64.0,No Response,2020,-7,0.1019,LOW,LOW,5.6
CUSTOMER_0837,customer0837@example.com,+91-9000100836,43,Salaried,33758,20,521,321699,21268,10,10,2,0,36827,Bi-Weekly,55,51.0,Responded,19445,26,0.3451,HIGH,HIGH,68.9
CUSTOMER_0838,customer0838@example.com,+91-9000900837,39,Salaried,47079,40,732,114336,5696,1,4,1,0,18535,Monthly,84,78.0,Responded,5733,24,0.0794,LOW,LOW,0.5
CUSTOMER_0839,customer0839@example.com,+91-9000000838,33,Business Owner,72300,30,741,196514,6100,3,7,0,0,42479,Monthly,93,71.0,No Response,6297,4,0.0999,LOW,LOW,1.2
CUSTOMER_0840,customer0840@example.com,+91-9000600839,37,Salaried,37809,41,663,275767,36379,2,1,2,42,33556,Bi-Weekly,57,60.0,Responded,35034,18,0.3132,HIGH,HIGH,57.5
CUSTOMER_0841,customer0841@example.com,+91-9000900840,43,Salaried,39775,21,592,187399,5735,3,5,3,26,78080,Monthly,64,70.0,Responded,6570,10,0.3337,HIGH,HIGH,59.9
CUSTOMER_0842,customer0842@example.com,+91-9000000841,30,Salaried,108935,14,671,60076,4777,0,0,0,0,39139,Monthly,87,88.0,No Response,5064,5,0.0693,LOW,LOW,1.5
CUSTOMER_0843,customer0843@example.com,+91-9000700842,35,Salaried,34688,50,510,20000,1000,9,6,1,10,10488,Monthly,42,42.0,No Response,1111,7,0.3458,HIGH,HIGH,66.8
CUSTOMER_0844,customer0844@example.com,+91-9000200843,32,Self-Employed,83729,4,731,146439,6237,0,0,1,0,74855,Bi-Weekly,79,68.0,No Response,6261,2,0.0793,LOW,LOW,2.4
CUSTOMER_0845,customer0845@example.com,+91-9000900844,21,Salaried,51338,19,655,195869,8671,1,19,1,24,112593,Weekly,56,57.0,No Response,8571,8,0.2244,AT-RISK,HIGH,43.4
CUSTOMER_0846,customer0846@example.com,+91-9000500845,43,Salaried,36671,31,656,111414,3505,5,4,0,0,68930,Monthly,68,95.0,Responded,3639,26,0.15,LOW,LOW,15.3
CUSTOMER_0847,customer0847@example.com,+91-9000600846,53,Self-Employed,34150,41,628,163974,18124,1,11,0,16,29793,Bi-Weekly,79,71.0,Responded,18283,13,0.1739,LOW,LOW,20.9
CUSTOMER_0848,customer0848@example.com,+91-9000900847,27,Salaried,45052,35,617,199957,12184,7,0,0,40,117383,Monthly,91,84.0,Responded,13143,22,0.3266,HIGH,HIGH,57.9
CUSTOMER_0849,customer0849@example.com,+91-9000000848,43,Self-Employed,28144,62,792,210799,9517,1,1,0,3,117255,Monthly,90,86.0,Responded,9197,22,0.0541,LOW,LOW,2.4
CUSTOMER_0850,customer0850@example.com,+91-9000500849,27,Self-Employed,30813,25,645,139141,4586,2,1,1,0,21835,Monthly,68,67.0,Responded,4642,-3,0.116,LOW,LOW,17.9
CUSTOMER_0851,customer0851@example.com,+91-9000600850,36,Salaried,40835,15,695,145582,11652,2,2,0,0,37585,Monthly,86,65.0,No Response,13094,16,0.0853,LOW,LOW,1.1
CUSTOMER_0852,customer0852@example.com,+91-9000500851,48,Self-Employed,49530,23,682,152914,5082,3,12,1,7,116569,Monthly,72,73.0,No Response,5534,3,0.1729,LOW,LOW,15.6
CUSTOMER_0853,customer0853@example.com,+91-9000300852,30,Salaried,81346,23,651,160020,8895,2,3,0,8,91745,Bi-Weekly,60,59.0,No Response,8379,1,0.1598,LOW,LOW,14.8
CUSTOMER_0854,customer0854@example.com,+91-9000000853,34,Salaried,36619,25,641,121603,10422,2,1,0,13,29768,Monthly,68,61.0,No Response,11690,-14,0.1829,AT-RISK,AT-RISK,25.3
CUSTOMER_0855,customer0855@example.com,+91-9000800854,21,Salaried,51399,13,647,127156,4419,3,0,1,11,60278,Weekly,64,69.0,Responded,4627,2,0.2001,AT-RISK,LOW,24.5
CUSTOMER_0856,customer0856@example.com,+91-9000300855,29,Salaried,16859,38,747,117564,13471,1,0,0,0,35625,Monthly,78,68.0,Responded,14411,23,0.0943,LOW,LOW,1.0
CUSTOMER_0857,customer0857@example.com,+91-9000600856,21,Self-Employed,64522,31,623,176886,8249,5,10,2,30,69865,Monthly,70,60.0,No Response,8030,11,0.2759,HIGH,HIGH,65.2
CUSTOMER_0858,customer0858@example.com,+91-9000600857,38,Business Owner,12255,9,612,108008,13643,2,6,2,0,37930,Monthly,56,50.0,No Response,13784,-2,0.1798,LOW,AT-RISK,40.1
CUSTOMER_0859,customer0859@example.com,+91-9000100858,42,Freelancer,60085,39,639,126356,7569,6,9,2,5,30535,Monthly,63,57.0,No Response,8338,-1,0.2034,AT-RISK,AT-RISK,46.5
CUSTOMER_0860,customer0860@example.com,+91-9000000859,33,Self-Employed,45577,16,639,299003,12441,7,7,0,15,149345,Bi-Weekly,72,74.0,Responded,12225,-8,0.2627,AT-RISK,AT-RISK,43.7
CUSTOMER_0861,customer0861@example.com,+91-9000700860,37,Salaried,40964,10,623,250485,11042,3,1,0,0,161240,Monthly,62,61.0,No Response,10393,-7,0.2369,AT-RISK,AT-RISK,32.9
CUSTOMER_0862,customer0862@example.com,+91-9000700861,32,Salaried,42401,28,645,79651,4390,4,0,0,9,48839,Weekly,86,55.0,Responded,4366,5,0.2055,AT-RISK,LOW,19.1
CUSTOMER_0863,customer0863@example.com,+91-9000600862,41,Salaried,18572,2,571,271978,14412,6,15,1,40,50204,Weekly,48,46.0,No Response,13220,27,0.3649,CRITICAL,CRITICAL,90.1
CUSTOMER_0864,customer0864@example.com,+91-9000700863,36,Salaried,20734,33,702,235634,18404,4,12,0,19,167036,Monthly,58,53.0,Responded,19866,19,0.2389,AT-RISK,AT-RISK,39.7
CUSTOMER_0865,customer0865@example.com,+91-9000200864,21,Salaried,66329,1,745,139188,7073,6,2,1,0,27269,Monthly,78,69.0,No Response,6626,-2,0.1863,AT-RISK,AT-RISK,25.0
CUSTOMER_0866,customer0866@example.com,+91-9000100865,43,Freelancer,47920,13,675,99936,2888,4,0,0,0,32459,Monthly,89,77.0,Responded,2805,11,0.0824,LOW,LOW,4.4
CUSTOMER_0867,customer0867@example.com,+91-9000600866,31,Salaried,37264,46,643,103189,3274,11,0,2,5,77351,Monthly,68,51.0,No Response,3667,-8,0.3387,HIGH,HIGH,58.5
CUSTOMER_0868,customer0868@example.com,+91-9000700867,23,Salaried,50766,17,583,191983,18536,10,2,0,2,75593,Monthly,57,93.0,Responded,19187,19,0.2084,AT-RISK,AT-RISK,44.2
CUSTOMER_0869,customer0869@example.com,+91-9000000868,31,Salaried,43701,19,573,102140,14817,4,0,0,62,20681,Monthly,65,75.0,Responded,14525,2,0.2212,AT-RISK,AT-RISK,58.5
CUSTOMER_0870,customer0870@example.com,+91-9000900869,21,Business Owner,32787,45,680,237589,6986,4,1,0,8,34348,Monthly,69,87.0,No Response,7243,-2,0.1404,LOW,LOW,9.5
CUSTOMER_0871,customer0871@example.com,+91-9000800870,23,Self-Employed,90821,16,655,274281,12580,5,3,1,1,103528,Monthly,73,54.0,Responded,12008,-8,0.2778,HIGH,HIGH,46.9
CUSTOMER_0872,customer0872@example.com,+91-9000300871,36,Self-Employed,61251,37,627,153085,6915,9,0,2,28,85222,Monthly,86,45.0,No Response,6267,-8,0.3983,CRITICAL,CRITICAL,79.0
CUSTOMER_0873,customer0873@example.com,+91-9000300872,37,Salaried,51056,44,680,237269,8064,2,0,2,10,162554,Monthly,63,68.0,Responded,8474,21,0.2588,AT-RISK,AT-RISK,31.7
CUSTOMER_0874,customer0874@example.com,+91-9000200873,37,Business Owner,39991,35,710,114631,7423,0,10,1,0,59268,Monthly,75,79.0,No Response,8005,28,0.1131,LOW,LOW,3.5
CUSTOMER_0875,customer0875@example.com,+91-9000500874,35,Salaried,57292,7,647,115119,5627,4,8,0,7,86449,Weekly,61,56.0,Responded,6301,-14,0.2352,AT-RISK,AT-RISK,29.3
CUSTOMER_0876,customer0876@example.com,+91-9000000875,28,Business Owner,31420,18,608,250892,7156,4,19,2,0,143189,Monthly,68,60.0,Responded,7821,1,0.2564,AT-RISK,HIGH,49.9
CUSTOMER_0877,customer0877@example.com,+91-9000500876,34,Salaried,29682,63,601,291780,11151,4,3,1,48,198776,Monthly,72,45.0,No Response,12619,-3,0.3061,HIGH,CRITICAL,72.6
CUSTOMER_0878,customer0878@example.com,+91-9000100877,31,Salaried,70425,19,606,350950,33069,4,10,1,11,37535,Bi-Weekly,61,50.0,No Response,37913,-2,0.209,AT-RISK,AT-RISK,46.6
CUSTOMER_0879,customer0879@example.com,+91-9000800878,21,Salaried,54065,73,798,154241,15429,2,0,0,2,83025,Monthly,77,78.0,Responded,16759,25,0.0384,LOW,LOW,3.4
CUSTOMER_0880,customer0880@example.com,+91-9000100879,28,Self-Employed,30865,49,653,239705,19764,3,7,0,3,80601,Bi-Weekly,73,57.0,No Response,22076,25,0.219,AT-RISK,AT-RISK,22.0
CUSTOMER_0881,customer0881@example.com,+91-9000600880,43,Salaried,41190,32,598,208650,7194,3,1,2,39,165866,Monthly,48,51.0,No Response,7686,-7,0.3549,CRITICAL,CRITICAL,81.7
CUSTOMER_0882,customer0882@example.com,+91-9000000881,49,Business Owner,69677,33,728,234494,15778,1,0,0,0,18143,Bi-Weekly,88,69.0,Responded,14874,11,0.03,LOW,LOW,1.2
CUSTOMER_0883,customer0883@example.com,+91-9000600882,40,Salaried,52311,19,622,215890,32505,6,24,2,78,132594,Monthly,58,78.0,No Response,30731,4,0.4911,CRITICAL,CRITICAL,89.7
CUSTOMER_0884,customer0884@example.com,+91-9000400883,48,Salaried,63625,25,681,227487,6627,2,5,0,31,128220,Weekly,90,75.0,No Response,6146,22,0.1907,AT-RISK,AT-RISK,28.5
CUSTOMER_0885,customer0885@example.com,+91-9000700884,35,Salaried,23227,17,652,69002,6221,7,17,0,2,50645,Monthly,72,79.0,Responded,7065,-4,0.2625,AT-RISK,AT-RISK,30.3
CUSTOMER_0886,customer0886@example.com,+91-9000300885,50,Salaried,63905,26,626,141586,22521,6,2,5,16,81775,Weekly,75,70.0,No Response,24056,26,0.4412,CRITICAL,CRITICAL,75.7
CUSTOMER_0887,customer0887@example.com,+91-9000900886,53,Salaried,47633,9,696,197657,15072,0,1,1,4,51464,Weekly,90,61.0,No Response,16541,6,0.13,LOW,LOW,2.3
CUSTOMER_0888,customer0888@example.com,+91-9000600887,21,Salaried,55746,8,794,177878,13629,0,1,0,1,58667,Monthly,94,91.0,Responded,13394,21,0.06,LOW,LOW,1.1
CUSTOMER_0889,customer0889@example.com,+91-9000500888,36,Self-Employed,61604,42,539,259374,13899,5,11,0,5,88452,Weekly,60,74.0,Responded,14108,23,0.2396,AT-RISK,AT-RISK,47.2
CUSTOMER_0890,customer0890@example.com,+91-9000400889,35,Salaried,66246,5,793,147296,4382,2,3,1,0,21815,Monthly,78,96.0,Responded,3987,15,0.1031,LOW,LOW,1.6
CUSTOMER_0891,customer0891@example.com,+91-9000300890,31,Freelancer,54880,40,669,103125,3185,4,14,1,18,20879,Monthly,76,78.0,No Response,3574,-3,0.2231,AT-RISK,AT-RISK,31.2
CUSTOMER_0892,customer0892@example.com,+91-9000600891,39,Self-Employed,12000,1,505,200980,10198,6,0,1,45,53998,Monthly,27,43.0,Responded,11352,-15,0.3725,CRITICAL,CRITICAL,88.5
CUSTOMER_0893,customer0893@example.com,+91-9000400892,35,Business Owner,46391,36,697,160108,8736,6,7,0,2,65926,Weekly,79,69.0,No Response,9576,22,0.1707,LOW,LOW,16.3
CUSTOMER_0894,customer0894@example.com,+91-9000400893,28,Salaried,31147,24,623,183509,8101,4,2,0,24,127112,Monthly,93,72.0,No Response,7408,24,0.2007,AT-RISK,AT-RISK,35.8
CUSTOMER_0895,customer0895@example.com,+91-9000000894,34,Salaried,64161,47,694,75251,5656,2,0,0,0,45267,Monthly,83,55.0,Responded,5336,-7,0.0586,LOW,LOW,0.9
CUSTOMER_0896,customer0896@example.com,+91-9000100895,45,Salaried,57511,21,593,156288,20657,5,6,1,29,14359,Monthly,62,65.0,No Response,20317,23,0.2651,HIGH,HIGH,61.2
CUSTOMER_0897,customer0897@example.com,+91-9000400896,36,Self-Employed,45636,1,707,132020,3862,3,2,0,0,10565,Weekly,74,72.0,No Response,3729,-6,0.0627,LOW,LOW,3.6
CUSTOMER_0898,customer0898@example.com,+91-9000200897,40,Business Owner,31545,23,577,20000,1723,7,1,0,3,4675,Bi-Weekly,57,87.0,Responded,1911,13,0.1908,AT-RISK,AT-RISK,40.2
CUSTOMER_0899,customer0899@example.com,+91-9000100898,32,Salaried,85130,31,710,192529,16108,2,0,0,0,34130,Monthly,95,76.0,Responded,15281,24,0.0723,LOW,LOW,1.1
CUSTOMER_0900,customer0900@example.com,+91-9000300899,39,Salaried,28674,22,584,209456,10382,7,5,2,13,28407,Monthly,39,52.0,No Response,10724,14,0.3229,HIGH,HIGH,64.8
CUSTOMER_0901,customer0901@example.com,+91-9000300900,24,Business Owner,23306,34,650,188833,9101,4,4,0,8,62022,Monthly,62,66.0,Responded,9490,-14,0.1827,AT-RISK,AT-RISK,26.3
CUSTOMER_0902,customer0902@example.com,+91-9000300901,30,Salaried,34348,20,703,103718,15827,1,1,1,0,39274,Monthly,90,69.0,Responded,15925,2,0.1132,LOW,LOW,0.9
CUSTOMER_0903,customer0903@example.com,+91-9000300902,34,Self-Employed,35850,9,687,208232,19948,4,1,0,2,93245,Monthly,78,72.0,Responded,19153,12,0.1588,LOW,LOW,9.0
CUSTOMER_0904,customer0904@example.com,+91-9000200903,23,Salaried,29154,13,608,97719,5633,3,0,1,0,43410,Monthly,67,68.0,Responded,6422,16,0.2191,AT-RISK,AT-RISK,32.3
CUSTOMER_0905,customer0905@example.com,+91-9000600904,27,Business Owner,67032,21,643,96255,3630,3,16,0,7,23575,Bi-Weekly,83,87.0,Responded,3642,8,0.2045,AT-RISK,AT-RISK,23.1
CUSTOMER_0906,customer0906@example.com,+91-9000800905,37,Salaried,12000,20,722,196282,15271,4,15,1,1,95938,Monthly,80,81.0,No Response,16520,22,0.1782,LOW,LOW,16.5
CUSTOMER_0907,customer0907@example.com,+91-9000400906,36,Salaried,26314,55,639,214814,11493,6,6,0,12,155940,Monthly,48,58.0,No Response,10872,-2,0.2857,HIGH,HIGH,58.9
CUSTOMER_0908,customer0908@example.com,+91-9000300907,42,Self-Employed,45077,44,674,58348,2568,4,36,0,11,16682,Monthly,71,57.0,Responded,2839,9,0.2073,AT-RISK,AT-RISK,29.1
CUSTOMER_0909,customer0909@example.com,+91-9000100908,29,Freelancer,43675,33,510,328722,10065,4,11,3,51,39306,Monthly,59,46.0,No Response,9601,9,0.3546,CRITICAL,CRITICAL,80.3
CUSTOMER_0910,customer0910@example.com,+91-9000100909,35,Salaried,76168,32,646,101552,6434,2,0,1,15,25864,Monthly,69,85.0,Responded,6876,16,0.1898,AT-RISK,AT-RISK,23.8
CUSTOMER_0911,customer0911@example.com,+91-9000400910,28,Salaried,72188,30,626,155733,15562,3,0,0,0,22448,Monthly,53,65.0,Responded,15976,11,0.1184,LOW,LOW,16.6
CUSTOMER_0912,customer0912@example.com,+91-9000600911,41,Self-Employed,14785,29,601,338276,16359,5,23,1,36,144288,Bi-Weekly,71,82.0,Responded,15322,16,0.3276,HIGH,HIGH,67.0
CUSTOMER_0913,customer0913@example.com,+91-9000900912,45,Freelancer,12000,26,516,20000,1000,5,11,0,114,3761,Monthly,43,41.0,No Response,906,15,0.4583,CRITICAL,CRITICAL,91.8
CUSTOMER_0914,customer0914@example.com,+91-9000900913,39,Business Owner,51792,29,716,20650,2221,1,7,1,0,6360,Monthly,86,100.0,No Response,2515,8,0.076,LOW,LOW,3.7
CUSTOMER_0915,customer0915@example.com,+91-9000800914,44,Freelancer,30767,1,552,215673,11508,2,20,0,66,47616,Bi-Weekly,64,69.0,No Response,10718,19,0.379,CRITICAL,CRITICAL,85.2
CUSTOMER_0916,customer0916@example.com,+91-9000600915,35,Salaried,19743,19,549,20000,3061,8,6,0,18,14092,Bi-Weekly,47,45.0,No Response,3294,14,0.2462,AT-RISK,HIGH,67.0
CUSTOMER_0917,customer0917@example.com,+91-9000400916,42,Salaried,43638,23,570,20000,2854,3,0,0,8,1316,Bi-Weekly,67,67.0,Responded,3034,17,0.1456,LOW,AT-RISK,27.9
CUSTOMER_0918,customer0918@example.com,+91-9000900917,35,Self-Employed,48832,16,653,264209,12895,1,1,0,3,118778,Weekly,62,76.0,Responded,12707,17,0.0778,LOW,LOW,12.8
CUSTOMER_0919,customer0919@example.com,+91-9000900918,25,Business Owner,26973,18,554,145240,9717,3,0,0,21,27244,Bi-Weekly,75,64.0,No Response,9195,11,0.1645,LOW,AT-RISK,39.1
CUSTOMER_0920,customer0920@example.com,+91-9000900919,37,Salaried,27148,27,409,419422,13377,7,2,1,5,23010,Monthly,45,24.0,Responded,12635,17,0.256,AT-RISK,AT-RISK,58.7
CUSTOMER_0921,customer0921@example.com,+91-9000500920,26,Salaried,31366,37,671,79535,3305,6,3,1,0,53421,Bi-Weekly,77,58.0,No Response,3458,17,0.2141,AT-RISK,AT-RISK,29.4
CUSTOMER_0922,customer0922@example.com,+91-9000200921,56,Business Owner,36896,30,647,141708,7223,4,0,1,0,77043,Monthly,58,49.0,Responded,7488,-12,0.1419,LOW,LOW,25.1
CUSTOMER_0923,customer0923@example.com,+91-9000400922,31,Salaried,54198,36,682,212192,11634,3,1,0,2,24642,Monthly,74,47.0,No Response,13018,14,0.1577,LOW,LOW,5.1
CUSTOMER_0924,customer0924@example.com,+91-9000700923,40,Salaried,29969,40,674,166940,7980,0,1,1,0,67591,Monthly,83,80.0,No Response,8458,28,0.063,LOW,LOW,2.1
CUSTOMER_0925,customer0925@example.com,+91-9000000924,34,Salaried,31962,22,590,151143,20953,3,3,0,12,78044,Monthly,53,35.0,Responded,23149,-1,0.1607,LOW,AT-RISK,32.5
CUSTOMER_0926,customer0926@example.com,+91-9000000925,23,Self-Employed,42885,36,729,95664,2918,3,2,3,0,30329,Monthly,76,89.0,Responded,2649,13,0.2118,AT-RISK,AT-RISK,19.1
CUSTOMER_0927,customer0927@example.com,+91-9000600926,21,Self-Employed,42557,3,629,194588,5412,3,4,0,75,72257,Monthly,56,69.0,No Response,5778,12,0.3844,CRITICAL,CRITICAL,84.6
CUSTOMER_0928,customer0928@example.com,+91-9000400927,41,Salaried,58700,23,699,226904,19826,1,3,0,0,119376,Monthly,90,100.0,Responded,19001,16,0.0831,LOW,LOW,1.5
CUSTOMER_0929,customer0929@example.com,+91-9000400928,48,Self-Employed,91025,21,727,200644,20875,1,12,2,0,37572,Bi-Weekly,100,62.0,No Response,20107,20,0.1525,LOW,LOW,8.6
CUSTOMER_0930,customer0930@example.com,+91-9000000929,28,Self-Employed,58656,48,659,105668,10251,2,0,1,0,32230,Weekly,98,58.0,Responded,11072,14,0.0833,LOW,LOW,5.6
CUSTOMER_0931,customer0931@example.com,+91-9000800930,21,Salaried,61646,33,642,73852,2859,0,0,0,0,17847,Monthly,79,87.0,Responded,3140,26,0.0507,LOW,LOW,8.6
CUSTOMER_0932,customer0932@example.com,+91-9000000931,32,Self-Employed,36861,8,563,117617,4551,3,18,4,0,78806,Bi-Weekly,67,71.0,Responded,4518,27,0.3034,HIGH,HIGH,52.1
CUSTOMER_0933,customer0933@example.com,+91-9000400932,26,Salaried,29528,36,709,54934,1747,4,3,0,4,34786,Monthly,68,88.0,No Response,1917,22,0.1142,LOW,LOW,5.9
CUSTOMER_0934,customer0934@example.com,+91-9000900933,29,Salaried,41200,42,678,146937,5145,3,5,1,2,76070,Weekly,71,93.0,Responded,5201,26,0.2038,AT-RISK,LOW,12.4
CUSTOMER_0935,customer0935@example.com,+91-9000800934,40,Salaried,35921,27,735,203903,10461,2,1,0,0,107286,Monthly,82,77.0,Responded,11657,-4,0.1258,LOW,LOW,2.6
CUSTOMER_0936,customer0936@example.com,+91-9000300935,34,Salaried,53728,36,671,153916,6311,5,11,0,2,111877,Monthly,77,62.0,No Response,5719,-13,0.1728,LOW,LOW,20.5
CUSTOMER_0937,customer0937@example.com,+91-9000700936,27,Salaried,15803,1,654,296063,11109,6,17,0,0,155062,Monthly,79,76.0,Responded,10229,-1,0.1514,LOW,AT-RISK,30.7
CUSTOMER_0938,customer0938@example.com,+91-9000500937,40,Business Owner,57278,1,602,302321,14138,3,6,0,21,170938,Monthly,81,62.0,Responded,15468,-6,0.2023,AT-RISK,AT-RISK,40.4
CUSTOMER_0939,customer0939@example.com,+91-9000200938,41,Self-Employed,39333,10,535,207611,10242,3,1,1,29,174537,Monthly,57,58.0,Responded,10815,6,0.334,HIGH,HIGH,67.1
CUSTOMER_0940,customer0940@example.com,+91-9000300939,31,Business Owner,53376,27,576,243066,9587,5,21,1,0,12910,Monthly,60,52.0,No Response,9968,7,0.2312,AT-RISK,AT-RISK,47.2
CUSTOMER_0941,customer0941@example.com,+91-9000100940,36,Salaried,31655,46,596,91817,4040,3,12,1,4,46818,Monthly,74,67.0,No Response,4256,-5,0.225,AT-RISK,AT-RISK,33.6
CUSTOMER_0942,customer0942@example.com,+91-9000000941,39,Salaried,30618,12,669,126176,4983,4,8,0,31,66838,Monthly,86,85.0,Responded,5643,0,0.2668,HIGH,AT-RISK,26.8
CUSTOMER_0943,customer0943@example.com,+91-9000700942,38,Salaried,41051,16,729,244533,10027,4,0,1,0,152664,Monthly,72,68.0,Responded,10667,0,0.2002,AT-RISK,AT-RISK,26.5
CUSTOMER_0944,customer0944@example.com,+91-9000000943,35,Salaried,31100,25,529,138124,5008,6,18,0,17,115500,Weekly,52,44.0,No Response,5317,-2,0.3347,HIGH,HIGH,72.0
CUSTOMER_0945,customer0945@example.com,+91-9000000944,47,Salaried,61740,20,654,276656,10941,3,0,2,2,171938,Monthly,79,67.0,No Response,11924,-10,0.2022,AT-RISK,AT-RISK,32.6
CUSTOMER_0946,customer0946@example.com,+91-9000300945,40,Self-Employed,57906,19,616,263868,12220,2,2,3,12,198795,Monthly,67,48.0,Responded,13645,26,0.32,HIGH,HIGH,58.3
CUSTOMER_0947,customer0947@example.com,+91-9000900946,30,Freelancer,84990,21,721,209906,7934,4,4,0,37,82143,Monthly,72,79.0,Responded,7660,1,0.22,AT-RISK,AT-RISK,31.6
CUSTOMER_0948,customer0948@example.com,+91-9000900947,30,Salaried,39808,46,751,60814,3121,2,1,0,48,2501,Bi-Weekly,81,75.0,Responded,3290,15,0.157,LOW,LOW,21.7
CUSTOMER_0949,customer0949@example.com,+91-9000500948,29,Salaried,12000,45,749,117298,8852,2,4,0,4,4766,Monthly,90,77.0,No Response,9259,26,0.1411,LOW,LOW,2.1
CUSTOMER_0950,customer0950@example.com,+91-9000800949,40,Business Owner,39365,27,675,207732,34378,3,5,1,2,85427,Bi-Weekly,68,73.0,No Response,32099,-6,0.1744,LOW,LOW,20.3
CUSTOMER_0951,customer0951@example.com,+91-9000000950,29,Salaried,54231,51,714,74551,3269,1,0,0,1,23049,Monthly,71,56.0,Responded,3367,4,0.0528,LOW,LOW,3.3
CUSTOMER_0952,customer0952@example.com,+91-9000600951,31,Business Owner,62873,35,745,135712,5721,5,5,0,0,44442,Monthly,95,89.0,Responded,5248,-7,0.1382,LOW,LOW,6.9
CUSTOMER_0953,customer0953@example.com,+91-9000900952,44,Self-Employed,44950,39,590,253999,7223,5,26,0,93,97135,Monthly,58,48.0,Responded,6834,-1,0.4208,CRITICAL,CRITICAL,91.3
CUSTOMER_0954,customer0954@example.com,+91-9000400953,36,Freelancer,41104,16,781,100648,5975,1,0,1,3,58025,Monthly,93,73.0,Responded,6741,23,0.0519,LOW,LOW,0.4
CUSTOMER_0955,customer0955@example.com,+91-9000700954,45,Salaried,84794,19,700,83311,4674,6,4,2,0,21298,Monthly,84,85.0,Responded,4345,-14,0.2035,AT-RISK,LOW,22.6
CUSTOMER_0956,customer0956@example.com,+91-9000600955,42,Self-Employed,26168,17,589,20000,1659,4,3,1,0,13444,Monthly,76,71.0,No Response,1733,-12,0.1322,LOW,AT-RISK,27.2
CUSTOMER_0957,customer0957@example.com,+91-9000300956,24,Salaried,41256,25,637,129050,15900,4,4,0,6,86525,Monthly,73,91.0,Responded,15595,8,0.1594,LOW,LOW,15.7
CUSTOMER_0958,utkarshpradeshhit@gmail.com,+91-9000300957,34,Self-Employed,21726,25,528,265928,9112,6,3,1,102,129533,Monthly,57,39.0,No Response,9465,2,0.4651,CRITICAL,CRITICAL,94.9
CUSTOMER_0959,customer0959@example.com,+91-9000500958,43,Salaried,53853,34,814,74470,5520,2,1,1,0,20483,Monthly,82,70.0,Responded,5292,-5,0.1178,LOW,LOW,1.2
CUSTOMER_0960,customer0960@example.com,+91-9000500959,24,Salaried,66497,50,607,183960,7580,7,0,0,2,123723,Monthly,44,41.0,No Response,7664,21,0.2909,HIGH,HIGH,54.4
CUSTOMER_0961,customer0961@example.com,+91-9000800960,38,Salaried,49021,39,715,122510,4599,0,14,1,0,54108,Monthly,83,80.0,Responded,5136,10,0.0698,LOW,LOW,2.8
CUSTOMER_0962,customer0962@example.com,+91-9000400961,34,Salaried,46140,20,722,100312,4981,1,5,0,0,25054,Monthly,67,69.0,Responded,4951,-8,0.1458,LOW,LOW,3.7
CUSTOMER_0963,customer0963@example.com,+91-9000700962,21,Business Owner,16960,29,744,191390,5927,2,2,0,6,17264,Monthly,72,72.0,No Response,5857,6,0.1184,LOW,LOW,3.3
CUSTOMER_0964,customer0964@example.com,+91-9000400963,36,Self-Employed,46973,51,810,243297,12597,1,1,2,16,43457,Bi-Weekly,92,80.0,Responded,12742,-11,0.1487,LOW,LOW,14.6
CUSTOMER_0965,customer0965@example.com,+91-9000100964,27,Self-Employed,57618,34,553,280951,19312,5,8,1,66,45137,Monthly,41,41.0,No Response,17865,-14,0.3481,CRITICAL,CRITICAL,93.6
CUSTOMER_0966,customer0966@example.com,+91-9000500965,24,Salaried,45722,49,668,92890,2825,4,2,0,5,19727,Monthly,91,95.0,No Response,2816,-11,0.0802,LOW,LOW,4.5
CUSTOMER_0967,customer0967@example.com,+91-9000800966,35,Self-Employed,37169,19,601,348870,10954,1,3,1,12,87105,Weekly,74,51.0,Responded,9877,19,0.1763,LOW,LOW,32.3
CUSTOMER_0968,customer0968@example.com,+91-9000200967,21,Salaried,71651,18,694,220445,20185,1,3,0,3,95985,Monthly,69,67.0,No Response,20706,16,0.1061,LOW,LOW,6.6
CUSTOMER_0969,customer0969@example.com,+91-9000000968,28,Business Owner,34450,16,517,144469,21311,12,3,3,16,124101,Monthly,57,25.0,No Response,23697,28,0.4482,CRITICAL,CRITICAL,90.0
CUSTOMER_0970,customer0970@example.com,+91-9000000969,57,Freelancer,72685,22,702,94180,10825,3,1,0,10,46504,Monthly,91,51.0,No Response,11236,3,0.1256,LOW,LOW,3.6
CUSTOMER_0971,customer0971@example.com,+91-9000200970,40,Salaried,23488,13,737,237585,16276,6,4,0,2,153264,Monthly,74,64.0,No Response,17121,23,0.1699,LOW,LOW,23.6
CUSTOMER_0972,customer0972@example.com,+91-9000900971,27,Business Owner,64016,32,676,156747,4457,2,8,0,4,80647,Monthly,88,72.0,Responded,4045,-12,0.1179,LOW,LOW,4.9
CUSTOMER_0973,customer0973@example.com,+91-9000400972,47,Salaried,85755,33,768,79835,3508,1,0,0,0,36507,Monthly,100,87.0,No Response,3910,7,0.0444,LOW,LOW,1.0
CUSTOMER_0974,customer0974@example.com,+91-9000200973,26,Salaried,60651,43,596,159486,9273,11,0,2,2,57676,Monthly,51,43.0,No Response,9238,3,0.4175,CRITICAL,HIGH,65.2
CUSTOMER_0975,customer0975@example.com,+91-9000800974,30,Salaried,12000,3,672,124475,3811,8,1,0,18,32323,Monthly,67,74.0,No Response,4358,10,0.1701,LOW,AT-RISK,33.2
CUSTOMER_0976,customer0976@example.com,+91-9000700975,24,Salaried,40434,15,765,75705,3863,0,9,0,0,35986,Monthly,97,91.0,No Response,3593,10,0.0583,LOW,LOW,0.6
CUSTOMER_0977,customer0977@example.com,+91-9000200976,37,Self-Employed,34131,34,541,291805,18878,4,20,2,18,248275,Bi-Weekly,68,58.0,Responded,21448,-9,0.364,CRITICAL,CRITICAL,84.3
CUSTOMER_0978,customer0978@example.com,+91-9000800977,47,Salaried,67695,30,702,212302,6201,5,5,0,0,71209,Monthly,72,83.0,Responded,6564,16,0.1588,LOW,LOW,10.5
CUSTOMER_0979,customer0979@example.com,+91-9000500978,26,Salaried,24077,29,696,198232,6295,3,10,1,11,7876,Monthly,100,64.0,No Response,5747,17,0.167,LOW,LOW,8.2
CUSTOMER_0980,customer0980@example.com,+91-9000600979,21,Self-Employed,30515,47,777,197311,6301,1,2,0,2,98354,Bi-Weekly,87,84.0,No Response,7201,28,0.1368,LOW,LOW,1.3
CUSTOMER_0981,customer0981@example.com,+91-9000300980,44,Self-Employed,17897,14,728,78930,3693,5,19,0,0,16779,Monthly,66,96.0,Responded,3336,10,0.1746,LOW,LOW,14.8
CUSTOMER_0982,customer0982@example.com,+91-9000300981,48,Freelancer,29606,16,660,117551,3960,7,2,1,12,6004,Monthly,80,80.0,No Response,4287,8,0.1821,LOW,LOW,21.3
CUSTOMER_0983,customer0983@example.com,+91-9000100982,21,Self-Employed,20704,14,565,309838,27225,5,2,1,9,214892,Monthly,56,80.0,No Response,30556,7,0.2985,HIGH,HIGH,64.3
CUSTOMER_0984,customer0984@example.com,+91-9000400983,39,Self-Employed,77576,1,634,164566,7094,6,6,1,4,64106,Monthly,79,72.0,No Response,6696,22,0.2185,AT-RISK,AT-RISK,34.7
CUSTOMER_0985,customer0985@example.com,+91-9000700984,37,Salaried,24182,24,512,56617,1594,7,6,1,72,41869,Monthly,24,33.0,No Response,1571,10,0.4361,CRITICAL,CRITICAL,93.5
CUSTOMER_0986,customer0986@example.com,+91-9000600985,27,Salaried,62902,20,660,164559,11172,0,5,2,0,101521,Monthly,74,43.0,No Response,11622,29,0.1639,LOW,LOW,16.0
CUSTOMER_0987,customer0987@example.com,+91-9000600986,22,Salaried,48170,17,686,204644,6860,2,2,1,0,81676,Monthly,64,55.0,No Response,7339,15,0.1453,LOW,LOW,12.4
CUSTOMER_0988,customer0988@example.com,+91-9000500987,43,Salaried,52070,15,774,173942,8397,0,3,0,0,56227,Monthly,74,72.0,No Response,9387,-10,0.049,LOW,LOW,0.7
CUSTOMER_0989,customer0989@example.com,+91-9000200988,36,Self-Employed,35672,27,661,84169,11699,2,2,1,1,20267,Monthly,74,64.0,Responded,12755,29,0.1292,LOW,LOW,7.7
CUSTOMER_0990,customer0990@example.com,+91-9000400989,37,Salaried,55339,15,645,341729,11828,3,0,0,0,97601,Monthly,67,50.0,Responded,11719,15,0.1075,LOW,LOW,16.8
CUSTOMER_0991,customer0991@example.com,+91-9000000990,29,Self-Employed,38761,26,514,49597,4485,4,29,1,5,38610,Monthly,43,52.0,Responded,4957,24,0.2992,HIGH,HIGH,59.8
CUSTOMER_0992,customer0992@example.com,+91-9000600991,27,Salaried,45746,32,583,178408,7152,2,17,2,0,67690,Monthly,55,65.0,Responded,8164,29,0.2255,AT-RISK,AT-RISK,40.1
CUSTOMER_0993,customer0993@example.com,+91-9000800992,21,Salaried,40712,25,770,247253,28851,3,10,1,0,29959,Monthly,80,82.0,Responded,27603,29,0.1412,LOW,LOW,11.5
CUSTOMER_0994,customer0994@example.com,+91-9000000993,32,Salaried,43274,23,749,177225,5150,4,4,0,0,15472,Monthly,90,88.0,No Response,4730,-4,0.0763,LOW,LOW,2.6
CUSTOMER_0995,customer0995@example.com,+91-9000100994,47,Business Owner,65959,32,851,187679,12722,0,3,0,0,54384,Bi-Weekly,91,76.0,No Response,12806,1,0.0,LOW,LOW,0.7
CUSTOMER_0996,customer0996@example.com,+91-9000200995,26,Self-Employed,54340,27,674,69390,5423,5,3,0,4,22655,Monthly,84,87.0,Responded,6075,10,0.1371,LOW,LOW,8.8
CUSTOMER_0997,customer0997@example.com,+91-9000200996,21,Business Owner,52482,47,702,170849,17302,2,0,0,2,75194,Weekly,94,60.0,No Response,16221,-13,0.094,LOW,LOW,1.9
CUSTOMER_0998,customer0998@example.com,+91-9000700997,38,Salaried,36091,33,708,136498,3970,3,0,1,0,42085,Monthly,91,69.0,Responded,4452,-1,0.1141,LOW,LOW,1.8
CUSTOMER_0999,customer0999@example.com,+91-9000600998,40,Freelancer,76730,40,611,75025,2742,5,2,0,13,11627,Monthly,68,65.0,Responded,3147,22,0.1917,AT-RISK,AT-RISK,38.7
CUSTOMER_1000,customer1000@example.com,+91-9000500999,29,Salaried,41879,37,729,198370,7021,2,8,0,32,65049,Monthly,100,55.0,No Response,6413,8,0.1009,LOW,LOW,19.1
